id,text,label
0,"But Ms Atwell has promised to donate the money from the Global Teacher Prize to the school that she founded.
There was one UK representative in the top 10, Richard Spencer, who teaches science in Middlesbrough.
The prize was created to raise the status of teaching.
The winner of the inaugural Global Teacher Prize, who received her award at the Global Education and Skills Forum in Dubai on Sunday, was recognised for her work in teaching reading and writing.
On receiving the award, she said it was a ""privilege"" to work as a teacher and to help young people.
Giving away the prize money was ""not being selfless, but being committed to public service"", she said.
Former US president, Bill Clinton, told the audience that he could still remember almost all the names of his teachers and that the prize would help to remind the public of the importance of the profession.
It was ""critically important"" to ""attract the best people into teaching"" and to hold them in ""high regard"", said Mr Clinton.
In 1990, Ms Atwell founded a school, the Center for Teaching and Learning in Edgecomb, Maine, where ideas for improving the teaching of reading and writing could be tested and shared.
This school, which will receive Ms Atwell's prize cash, has a library in every room and pupils read an average of 40 books a year.
She is also a prolific author, with nine books published about teaching, including In The Middle, which sold half a million copies.
The award has been created by the Varkey Foundation, the charitable arm of the GEMS education group, as a high-profile way of demonstrating the importance of teaching.
The attention-grabbing top prize is meant to show that teaching should be recognised as much as other high-paying careers, such as finance or sport.
""We introduced the prize in order to return teachers to their rightful position, belonging to one of the most respected professions in society,"" said Sunny Varkey, founder of the Varkey Foundation.
The prize is ""not only about money, it's also about unearthing thousands of stories of inspiration"", he said.
Andreas Schleicher, the OECD's education director, said that the status of teachers was reflected in international test results, with a high value put on teaching in high-performing Asian countries.
""Where teachers feel that society values their job, outcomes can be a lot better,"" he said
Among those supporting the project have been Bill Gates, UK Prime Minister David Cameron, UN secretary-general Ban Ki-Moon and Sheikh Mohammed Bin Rashid Al Maktoum, the vice-president and prime minister of the United Arab Emirates and ruler of Dubai.
The winner was one of three US entries in the final top 10, which included Stephen Ritz, a teacher in the South Bronx in New York, who has developed a project growing food in the inner city, so that pupils can eat healthily as well as learning.
Ahead of the announcement of the winner, the US secretary for education, Arne Duncan, rang the US finalists to congratulate them.
Another finalist was Phalla Neang from Cambodia, who has been working with blind students in that country since the 1990s. She helped to develop a Braille version of the Khmer language and worked to prevent blind children from being treated as ""outcasts"" by the education system.
Richard Spencer, who teaches science at Middlesbrough College in the north east of England, was commended for his success in making science accessible, with an active style of teaching that includes using song and dance.
The international panel of judges included educators, entrepreneurs and leaders of education charities.
The 10 finalists were:
Nancie Atwell, US
Guy Etienne, Haiti
Jacqueline Jumbe-Kahura, Kenya
Neang Phalla, Cambodia
Stephen Ritz, US
Azizullah Royesh, Afghanistan
Kiran Bir Sethi, India
Madenjit Singh, Malaysia
Richard Spencer, UK
Naomi Volain, US","Nancie Atwell, an English teacher from Maine in the United States, has been named as the winner of a competition to find the world's best teacher, with a prize of $1m (£680,000)."
1,"The Hamburg Commissioner for Data Protection and Freedom of Information said that the social network had not obtained effective approval from WhatsApp's 35 million German users.
Facebook bought WhatsApp for $19bn (£14.6bn) in 2014 as a way to reach out to a younger audience.
It is to appeal against the order.
""We will work with the Hamburg DPA in an effort to address their questions and resolve any concerns,"" it said in a statement.
The data watchdog said that Facebook and WhatsApp were independent companies and should process their users' data as such.
""After the acquisition of WhatsApp by Facebook two years ago, both parties have publicly assured [users] that data will not be shared between them,"" said commissioner Johannes Caspar in a statement.
WhatsApp caused controversy in August when it announced that it was changing its privacy policy to allow its data to be shared with its parent company.
It said that better co-ordination with Facebook would help it to fight spam as well as allowing Facebook to offer ""better friends suggestions and show you more relevant ads if you have an account with them"".
It will share phone numbers and the details of the last time that users signed on to WhatsApp.
EU and US regulators reacted with caution, saying that the update needed to be investigated. The UK's Information Commissioner is also looking into the changes.",Facebook has been ordered by a German privacy regulator to stop collecting and storing the data of German users of its messaging app WhatsApp.
2,"Donald Trump, Jeb Bush and Scott Walker will take the stage in Cleveland on Thursday night with seven rivals.
Fox News selected the 10 most popular Republicans based on five national polls, excluding Mr Perry and South Carolina Senator Lindsey Graham.
Those two and five other candidates will take part in an earlier debate.
Former Pennsylvania Senator Rick Santorum reacted angrily to his omission.
""The idea that they have left out the runner-up for the 2012 nomination [Santorum], the former four-term governor of Texas [Perry], the governor of Louisiana [Bobby Jindal], the first female Fortune 50 CEO [Carly Fiorina], and the 3-term Senator from South Carolina [Graham] due to polling seven months before a single vote is cast is preposterous,"" his spokesman said.
In contrast, Mr Perry tweeted that he was looking forward to being on Fox at 5pm for ""a serious exchange of ideas and positive solutions to get America back on track"".
The main debate takes place four hours later at 9pm local time (01:00 GMT).
All eyes will be on hotel tycoon Mr Trump, who leads the polls and has made headlines with outspoken remarks about many of his rivals.
A fun guide to the 10 Republican debaters
One of the Republican frontrunners, Jeb Bush, became embroiled in a row with leading Democratic candidate Hillary Clinton over women's health funding on Tuesday.
The former Florida governor was attacked by Mrs Clinton after he told a conservative Christian audience he wasn't sure ""we need half a billion dollars for women's health issues"".
But he later said he ""misspoke"" after criticism of his remarks.
Meet all of the 2016 hopefuls","Rick Perry, the former governor of Texas, is not among the 10 Republicans running for president who will take part in the first primetime TV debate."
3,"Fit-again midfielder Jimmy Ryan had instant impact, setting up Ash Hunter to lob in the opener early on.
Within minutes it was 2-0, with Bobby Grant nodding home Antoni Sarcevic's cross from the left.
In the second half, Scunthorpe's Paddy Madden scored from the spot when Tom Hooper was pushed over, but Fleetwood ended strongly for a deserved win.
Scunthorpe caretaker boss Nick Daws told BBC Radio Humberside:
Media playback is not supported on this device
""I think the performance was probably a bit chalk and cheese in terms of the two halves of the game.
""Everybody knows that getting the first goal is key, we didn't get that.
""We expected a really tough challenge after a really long week and successful week for us, but they got the first goal.
""Two things in the first half put us on the back foot, but we adjusted the shape slightly to stay in the game - I thought we did that really well and that was the foundation for our second-half performance which was excellent.""",Fleetwood boosted their survival hopes by beating Scunthorpe for just their second League One win of the year.
4,"Liam Henderson opened the scoring with a terrific free-kick before John McGinn increased the lead against his former club.
Stevie Mallan pulled one back with a free-kick of his own before half-time.
Anthony Stokes played the final 20 minutes and marked his Easter Road return with a late third for the hosts.
Alan Stubbs, whose side moved two points clear of Falkirk, resisted the temptation to start Stokes following his arrival on loan from Celtic given the Irishman had not played first-team football since August.
His opposite number, Alex Rae, handed a debut to Rocco Quinn, who had arrived from Ross County since their last action more than a fortnight ago.
The pre-match headlines were about Stokes, but it was another on-loan Celt who brought the Hibs fans to their feet.
Henderson was brought down on the edge of the box by Jack Baird and though referee Don Robertson initially allowed the advantage, he brought it back.
The midfielder got back to his feet and whipped a wonderful shot into the top corner. It was an outstanding effort that arched over Buddies goalkeeper Jamie Langfield.
Hibs dominated proceedings for large spells and should have doubled their lead when Jason Cummings latched on to a long ball which dropped over his shoulder leaving him one-on-one with Langfield, who stood tall to deny the Easter Road top scorer.
Cummings and January signing Chris Dagnall tested Langfield, who was single-handedly preventing the roof from caving in.
The veteran could only stem the flow for so long and after good set-up play by Cummings, McGinn stroked home.
St Mirren threatened very occasionally but gave themselves a lifeline with the last kick of the opening half and it was their main threat who provided it.
Stevie Mallan has a penchant for the spectacular and he found the bottom left of Mark Oxley's goal with a superb free-kick.
The pattern of Hibs dominance continued after the interval and Paul Hanlon had one header saved and another cleared off the line while a deflected McGinn drive just cleared the crossbar.
Stokes took his second Easter Road bow with 20 minutes to play and soon tapped home after good set-up play by fellow-sub James Keatings.",Hibernian moved to within two points of Rangers at the top of the Championship with a comfortable victory over St Mirren.
5,"Lance Naik (Corporal) Hanamanthappa Koppad was tapped under 8m of snow at a height of nearly 6,000m along with nine other soldiers who all died. Their bodies have now been recovered.
The critically ill soldier has been airlifted to a hospital in Delhi.
""We hope the miracle continues. Pray with us,"" an army statement said.
The army added that ""he has been placed on a ventilator to protect his airway and lungs in view of his comatose state"".
""He is expected to have a stormy course in the next 24 to 48 hours due to the complications caused by re-warming and establishment of blood flow to the cold parts of the body,"" the army said.
The avalanche hit a military post on the northern side of the glacier.
Senior military officials said at the time there was little chance of finding any of the soldiers alive after the incident last Wednesday.
Siachen is patrolled by troops from both India and Pakistan, who dispute the region's sovereignty.
It is known as the world's highest battlefield. Four Indian soldiers were killed by an avalanche in the same area last month.
The soldiers were on duty at an army post on the glacier at an altitude of 5,900m (19,350ft) when the avalanche struck.
Specialist army and air force teams immediately began searching for the missing soldiers close to the Line of Control that divides Indian and Pakistani-administered Kashmir.
The chances of any soldiers being found alive were so slim that Prime Minister Narendra Modi even offered condolences in a message on Twitter last week.
Avalanches and landslides are commonplace in the area during winter where temperatures can drop to -60C.
More soldiers have died from harsh weather on the glacier than in combat since India seized control of it in 1984. Soldiers have been deployed at heights of up to 6,700m (22,000ft) above sea level.
The neighbours have failed to demilitarise the Siachen glacier despite several rounds of peace talks.",An Indian soldier who was buried in an avalanche that struck the Siachen glacier in Indian-administered Kashmir six days ago has been found alive.
6,"The concrete and steel arch will eventually cover the remains of the reactor which lost its roof in a catastrophic explosion in 1986.
The blast sent a plume of radioactive material into the air, triggering a public health emergency across Europe.
The shield is designed to prevent further radioactive material leaking out over the next century.
It measures 275m (900ft) wide and 108m (354ft) tall and has cost $1.6bn (£1.3bn) to construct.
The European Bank for Reconstruction and Development (EBRD), which is leading the project, describes the arch as the largest moveable land-based structure ever built.
Containing the world's worst nuclear accident
Ukraine marks Chernobyl 30th anniversary
In pictures: Chernobyl's eerie exclusion zone
It began moving on Monday using a system of hydraulic jacks and will take about five days to be put in its final position.
Work will then begin to safely dismantle the reactor, which has been sealed inside a so-called sarcophagus, and to secure the huge amount of radioactive material still inside.
Experts fear that if parts of the reactor collapse inside the sarcophagus, further radioactive material could be released.
The shield, known as the New Safe Confinement, had to be built away from the scene of the accident as the radiation immediately above the reactor is still too intense.
Ukraine's ecology minister, Ostap Semerak, said the start of the operation to cover the reactor was ""the beginning of the end of a 30-year long fight with the consequences of the 1986 accident"".
""The credit for construction of this one-of-a-kind technological structure goes to an expert team of engineers and builders,"" he said.
The meltdown and explosion at the Soviet-era plant was the worst nuclear disaster in history, spewing a cloud of radioactive material that drifted into other parts of the then-USSR, including Russia and Belarus, and northern Europe.
The number of people killed remains disputed. A 2005 report by the UN-backed Chernobyl Forum said that fewer than 50 people had died as a result of exposure to radiation, most of them workers killed immediately after the disaster, but some survived until as late as 2004.
The forum estimated that up to 9,000 people could eventually die from radiation exposure, although Greenpeace claims the figure could be as high as 93,000.",Work has begun at Chernobyl in Ukraine to move a giant shield over the site of the world's worst nuclear accident.
7,"The Scottish Seabird Centre wants to expand its education and conservation programmes to include all marine life in a bid to remain viable.
A National Marine Centre for Scotland is designed to be built at the existing Seabird centre in North Berwick.
An interactive experience is planned to inspire people to care for the natural environment above and below the waves.
The Scottish Seabird Centre said it needs to evolve to remain viable, it has more education requests than it can cope with and visitor expectations are at an all-time high.
It has secured £3.3m Heritage Lottery funding but needs another £2m if its vision is to become a reality with the centre planned to open in 2020 for Visit Scotland's year of coasts and waters.
Grace Martin, project director for the National Marine Centre, said: ""The Scottish Seabird Centre currently offers visitors an opportunity to engage with nature in a sustainable way.
""As a conservation and education charity, we welcome 4,000 schoolchildren a year and lead projects such as SOS Puffin.
""But, as with all charities, we must move with the times to remain viable and to achieve our objectives of inspiring people to care for wildlife and the natural environment.
""We have more education requests that we can accommodate and visitor expectations are at an all-time-high.
""Our vision is to create a centre that is of national significance and one that the local community is proud of.""
Professor John Baxter, principal advisor at Scottish Natural Heritage and a trustee of the Seabird Centre, said: ""The marine environment of Scotland supports a fantastic array of habitats and wildlife.
""Under the surface of the seas is a hidden and very special world that we want to reveal and bring to life, for people of all ages, in exciting and engaging ways.
""Scottish universities are at the cutting-edge of marine environment research but there are at present limited opportunities for the public to share in this work.
""Through public engagement we know there is a high level of interest in our seas, coasts and wildlife.
""This new attraction will provide an immersive and interactive experience, communicating the latest research and inspiring people to look after our natural world. It is vital that we protect and conserve our seas and their wildlife for future generations.""",Plans for a £5.5m National Marine Centre for Scotland have been unveiled in East Lothian.
8,"The 4.4-metre-long (14-ft) cloth is on show until 24 June.
Viewings are free but must be booked. One million people have already signed up.
Some devotees believe the shroud is the burial cloth of Jesus Christ. Sceptics point to carbon dating that suggests it is a medieval forgery from the 1300s.
Scientists have not agreed on how the image of a man was imprinted on the cloth.
Turin Shroud: See it in detail
Pope Francis will be among those to view the shroud, during a visit to the northern Italian city on 21 June.
The last public viewings were in 2010, when 2.5 million people came to see it.
The Church has not officially claimed that Christ's body was wrapped in the shroud, preferring instead to focus on what it means to those who see it.
""Whether you believe or don't believe, there is no doubt it is something special,"" an Italian man who was among the first visitors on Sunday told the AFP news agency.
Earlier this week, Archbishop of Turin Cesare Nosiglia said: ""What counts the most is that this shroud... reflects in a clear and precise manner how the gospels describe the passion and death of Jesus.
""It is not a profession of faith because it is not an object of faith, nor of devotion, but it can help faith.""
Archbishop Nosiglia said that many of those coming to see the shroud would be returnees.
""That means there is a fundamental need in people's hearts to renew this incredible experience that they had the first time they saw it,"" he said.
""Even non-believers will come. It's an occasion that brings everybody together.""
The shroud is displayed in a climate-controlled case for 12 hours a day in Turin's Cathedral of St John the Baptist.","The Turin Shroud has gone back on public display in the Italian city's cathedral, after a break of five years."
9,"Second-year scholars Callum Pritchard-Ellis, James Ballie, Callum Saunders, James Jones, Fraser Murdock and Perry Ng have all been offered senior deals.
Davis told BBC Radio Stoke: ""We're delighted to have another strong group.
""Producing our own younger players is going to be more important. It only bodes well for the future of the club.""
Additionally, three under-16s have also signed first-year scholar contracts.
Crewe's under-21s have enjoyed success again this season, reaching the Professional Development League Two final thanks to a 4-0 win against Cardiff on Wednesday.
Crewe will now play Queens Park Rangers in the final at Loftus Road.
""The secondary scholars have all been fairly strong,"" Davis added. ""It took a lot of meetings to decide which of the players we would take.
""The future, at the moment, looks very healthy.
""It's harder to recruit players now, because of the demands of some of the players and the agents.
""Experienced players are more or less a 'no, no' for us, particularly names that people know. Financially, they're always out of our domain. Our own players can give us a better style of playing.""",Crewe Alexandra manager Steve Davis says the future of the club looks very healthy as six academy graduates are offered professional contracts.
10,"Foster's time of 11.62 seconds earned automatic qualification as she finished second in her first-round heat.
However, Smyth exited from the men's 100m as he finished fifth in his heat in 10.66 - .44 secs outside his best.
Reid, meanwhile, false started in his heat and was disqualified.
Paralympic star Smyth, 27, appeared to start well in heat four but faded after 50m as he finished fifth in 10.66 seconds.
""I got out of the blocks really well and was in a good position in the early stages, however, I then tightened up and people started to pass me,"" explained Smyth.
""I was hoping to do better but I still haven't fully recovered from my hamstring injury.
""[But] It has been an incredible experience for me to represent Northern Ireland at the Commonwealth Games as I missed out on Delhi because of injury.""
London-born Reid's first Northern Ireland outing proved a brief affair as he false started in heat three.
Reid, 20, switched allegiance to Northern Ireland in February as his mother hails from the province.
Birchfield Harrier Reid won European Junior Championship 200m silver last year and his main focus in Glasgow will be the longer sprint.
Smyth is also scheduled to run the 200m at these championships but the Londonderry man's 2014 season has been badly affected by hamstring trouble and the 100m is regarded as his stronger event.
A time of 10.45secs would have secured a fastest loser's progression to Monday's semi-finals.
Foster looked to be in a tricky heat but her time of 11.62 - despite being .22secs outside her best - earned her second spot behind Australia's Melissa Breen [11.54].
On the opening date of athletics action at the Games, Northern Ireland hopeful Gladys Ganiel produced a gutsy run to take 12th in the women's marathon with her finishing time of 2 hours 40.29 minutes, only 57 seconds outside her personal best set in Berlin last September.
The American-born runner was making her first appearance at a major championship at the age of 37.
Ganiel is not a full-time athlete and her day job is working as an assistant professor in conflict resolution and reconciliation at Trinity College, Dublin.
Kenyan Flomena Cheyech Daniel took the gold medal in 2:26.45 ahead of her compatriot Caroline Kilel [2:27.10] with Australia's Jess Trengove [2:30.12] winning the bronze.",Northern Ireland's Amy Foster safely progressed to the women's 100m semi-finals at the Commonwealth Games but Jason Smyth and Leon Reid bowed out of the men's sprint event.
11,"The finds were made by a team from Durham University, which is surveying the site on Midland Road before it is redeveloped for houses.
The remains are believed to date to the medieval period, but could be Roman.
Developers Westleigh plan to build 70 homes on Midland Road once the archaeologists complete their dig.
Dr Rebecca Casa-Hatton, lead archaeologist at Peterborough City Council, said: ""At the moment we presume they may be medieval but we can't discount they may be late-Roman.
""It's very, very crowded so the cemetery would have been extensive.""
She added archaeologists were expecting to find human remains in this area because of similar late Roman or medieval burials uncovered during the building of the railway line during the 19th Century.
""Hopefully, this excavation will shed light on the period of these burials and the burials found in the general area,"" she said.
Gary Turner, head of investment and partnership at Westleigh, said: ""The discovery was made about six weeks ago and since then we have obtained a licence from the Ministry of Justice to exhume the remains.
""Once removed, the remains will be analysed to unlock further details on their history.""",About 70 human skeletons have been uncovered by archaeologists during a dig at a former factory in Peterborough.
12,"ZTE Corp obtained and illegally shipped US-made equipment to Iran in violation of US sanctions, the Justice Department said.
It also sent goods to North Korea without the correct export licences.
The US said ZTE lied to authorities and its own lawyer about the violations.
It must now pay a $892m (£740m) penalty as well as $300m which will be suspended for seven years depending on the firm meeting certain conditions.
ZTE says it acknowledges it has made mistakes, and is working towards improving its procedures.
The US said that the highest levels of management at ZTE approved the scheme which involved the shipment of $32m worth of US-made goods to Iran between 2010 and 2016.
The equipment included routers, microprocessors and servers controlled under export regulations for ""security, encryption... and/or anti-terrorism reasons"".
ZTE also made 283 shipments of mobile phones to North Korea despite knowing this contravened rules around exports to the country.
According to Reuters, ZTE buys around a third of its its components from US businesses such as Qualcomm, Microsoft and Intel. It also sells phone handsets to major carriers such as T-Mobile and AT&T.
US Attorney General Jeff Sessions said: ""ZTE Corporation not only violated export controls that keep sensitive American technology out of the hands of hostile regimes like Iran's - they lied to federal investigators and even deceived their own counsel and internal investigators about their illegal acts.""
He added: ""This plea agreement holds them accountable, and makes clear that our government will use every tool we have to punish companies who would violate our laws, obstruct justice and jeopardise our national security.""
The company reached the agreement with the US Justice, Commerce and Treasury departments.
As part of the deal, it must submit to a three-year period of probation, during which time it will be independently monitored to ensure it remains compliant.
Chairman and chief executive of ZTE, Zhao Xianming, said: ""ZTE acknowledges the mistakes it made, takes responsibility for them and remains committed to positive change in the company.""
""Instituting new compliance-focused procedures and making significant personnel changes has been a top priority for the company.""",Chinese telecom giant ZTE has been fined $1.1bn and will plead guilty to charges that it violated US rules by shipping US-made equipment to Iran and North Korea.
13,"The UN has said media restrictions and violence meant the environment was not conducive to free, credible elections.
Unrest started in April after President Pierre Nkurunziza said he would run for a third term - something protesters say is illegal.
The president says he is entitled to a third term because he was appointed for his first term, not elected.
The presidential election is scheduled for 15 July. East African leaders have called for a further two-week delay.
Africa news highlights: 7 July
The electoral commission spokesman told the BBC turnout for the parliamentary poll had been low in the districts of Bujumbura where there had been protests, but that in some provinces outside the capital it was as high as 98%.
The ruling party - the CNDD FDD - was ahead in every province of the country, Burundi's electoral commission announced.
They won 77 out of 100 elected seats in parliament, AFP news agency says.
The BBC's Maud Jullien says all of the country's private broadcasters have closed in recent months, and many civil society leaders have left the country claiming their lives were under threat.
At least 70 died and 150,000 people have fled the country.
Reporting on a coup and a crisis... using a music-sharing site
10.4m population
50 years - life expectancy for a man
2nd poorest country in the world
85% are Hutu, 14% Tutsi
300,000 died in civil war",The ruling party in Burundi has won the parliamentary election boycotted by the main opposition parties.
14,"Lance Corporal Joseph Scott Pemberton was convicted of killing Jennifer Laude in a hotel room in Olongapo city, north-west of Manila, last year.
Pemberton will face between six and 12 years imprisonment.
The case has strained ties between the US and the Philippines, a former US colony where the Americans have a significant military presence.
The marine was on leave in Olongapo on 11 October 2014, after joint military exercises with the Philippine army, when he met Ms Laude in a bar.
Police said they left together and checked into a hotel, where she was found dead the next day, apparently strangled and with her head inside the hotel toilet.
Pemberton had previously testified in court that he had attacked Ms Laude after he realised she was transgender, but said she was still alive when he left the room.
The prosecution had argued Pemberton should be convicted of murder, but the court downgraded this to homicide.
Pemberton was also ordered to pay at least 4.5 million pesos ($95,350; £63,140) to Ms Laude's family.
Ms Laude's sister, Malou, told Reuters news agency: ""We expected a murder conviction but instead got homicide. We are not content with the decision.""
Pemberton will be temporarily detained in a Philippine jail until the Philippine and US governments agree on where he should be held during his prison term.
The case has led to calls from left-wing groups for the Philippines to end its military agreements with the US.
Under the agreement, the Philippines can prosecute US military personnel but the US retains custody over them ""from the commission of the offence until completion of all judicial proceedings"", the Associated Press reports.",A court in the Philippines has found a US marine guilty of killing a transgender woman.
15,"The Belmond British Pullman arrived at Ashford International at 07:00 GMT as passengers waited for a London train.
The train, dating back to the 1920s, is the sister of the Venice Simplon-Orient Express.
Travel firm Belmond put on the service to treat commuters on a 90-minute journey through Charing, Maidstone, Otford and Swanley to London Victoria.
Some of the passengers had registered for the journey after seeing a social media campaign, while others had a surprise upgrade.
The train is usually reserved for leisure travellers on trips to major sporting fixtures or for special events, such as an afternoon tea hosted by Great British Bake Off's Mary Berry.
Gary Franklin, managing director at Belmond, said: ""We wanted to sprinkle some magic on the rails and do something that reminded people just how wonderful train travel can be when you have the luxury of time.""
Commuters on the service were treated to a three-course breakfast and musical entertainment.
Tamzin Crook, 41, said: ""I turn up every day, stand in the same spot and wait for the same train.
""The standard experience is to fight for a seat and then put your head down and read.
""Here, it's like something out of an amazing film. It's opulent. It feels like we're going on holiday, not to work.""
'Come on board'
Nathan Charlton, 25, and his fiancee Alicia Ray, 26, said they were running late for their train and saw the Pullman from the car park.
""We spoke to the staff and they said 'You're more than welcome to come on board',"" Mr Charlton said.
""The only problem is that we'll want to do this every day.""",Commuters were given a surprise upgrade when a luxury train arrived for their daily journey to work.
16,"Scarborough Athletic FC played in its home town for the first time since the club was founded in 2007.
The team, formed after the collapse of Scarborough FC, has been playing home fixtures nearly 20 miles away in Bridlington.
The Sea Dogs lost 4-1 against Sheffield United XI in front of a sell-out 2,000 crowd at Flamingo Land Stadium.
Chairman Trevor Bull said: ""Today is not only a great day for our club, it is also a massive day for our town.""
The club was formed after Scarborough FC went out of business with debts of £2.5m. It is jointly owned by about 350 supporters.
Fan and club communications officer Will Baines said: ""A lot of people have put a lot of work in to the club while we've been in exile, but now we're coming home.""
Mr Baines said the move back to Scarborough was key to the future success of the side.
""We're fan-owned which means we've got our destiny in our own hands,"" he said.
""We've not got a big investor backing us, so that's why it's important that we're back in town as it's the money that we get through the turnstiles every week that will pay for the club.""
The homecoming fixture generated such interest the council and club warned people not to congregate on the hill overlooking the ground as it has no public right of way.
The stadium forms part of a £50m development built on the town's former Weaponness Park and Ride site, which includes a swimming pool, new University Technical College and Coventry University's Scarborough campus.
Scarborough FC's former ground - the McCain Stadium -  was demolished in 2011.",A football team has played its first home game in more than 10 years after moving into a new stadium.
17,"The preliminary figures show that operating profit will be 6.1tn won ($5.1bn; £3.5bn) for the October to December period, from 5.29tn won a year earlier.
Analysts had expected the amount to be 6.6tn won, fuelling growth concerns.
Samsung products have been hit by weak demand in China and currency woes.
Operating profit fell 7.5% from the previous quarter.
Sales at the world's biggest maker of memory chips and smartphones also missed forecasts at 53tn won for the period.
Samsung does not break down its earnings results in the preliminary report, leaving analysts to speculate on how each business division is doing.
But analysts predict that the latest forecast is a sign that the tech giant will face another tough year of weaker gadget sales as the smartphone market is saturated.
Samsung is facing stiff competition at the top end of the market from Apple, while cheaper Chinese rivals are gaining ground in the mid to low level range for mobile devices.
On Monday, chief executive Kwon Oh-hyun had warned that the firm faced challenges on weak global economic growth prospects.
Final earnings results for the quarter are due to be released at the end of January.","Samsung Electronics says its operating profit is likely to rise 15% in the fourth quarter from a year ago, missing market expectations."
18,"Authorities believe 19 Gourma elephants have been killed for their tusks in the past month. There are estimated to be just 350-500 of the group left.
Poaching has been linked in the past to rebel groups in the region, who have connections to smuggling rings.
The Gourma elephants migrate around 600km (370 miles) a year to feed.
Because of the sparse vegetation in northern Mali they have a long-distance migration pattern that runs into Burkina Faso and Niger.
On Tuesday, Colonel Soumana Timbo of the government's nature conservation division asked MPs to provide military support to protect the species.
Mr Timbo told the BBC that the small number of rangers assigned to the region were already risking their lives.
""In the Gourma zone there is total insecurity. We have about 10 rangers covering about 1.25 million hectares, so it's quite insufficient,"" Mr Timbo said.
""If we send out two rangers on a motorbike they are risking their lives. So we really need joint patrols - military and rangers - and we need to focus all our efforts on stopping this massacre.""
Northern Mali has been a flashpoint of conflict since Mali's independence from French rule in 1960, with the Tuareg rebels campaigning for independence or more autonomy.
The region has been further destabilised by the emergence of jihadi groups including al-Qaida in the Islamic Maghreb (AQIM), which has targeted both the government and the rebels.
In its own attempt to combat poaching, South Africa has appointed a panel of experts to examine the viability of a legal rhino horn trade,
Levels of poaching have risen to record levels in South Africa. The country is thought to be home to around 20,000 rhinos, around 80% of the worldwide population.
There were 1,215 rhinos killed in South Africa in 2014, a 21% increase on the previous year, officials say.
The 21-member panel will examine whether a legal trade in rhino horn may reduce the number of animals targeted by poachers.
""It is important to emphasise that South Africa has not taken a position on the issue and will not do so until the committee has completed its work and presented its findings,"" the environment ministry said in a statement.","A rare population of elephants in northern Mali is being targeted by poachers, threatening its survival, a wildlife official has said."
19,"From 21 June, EDF customers will see electricity prices increase by 9% and gas prices go up by 5.5%.
The supplier previously increased electricity prices by 8.4% on 1 March, although it cut gas prices in January.
The rise was immediately criticised by the energy regulator, Ofgem, which said it was hard to justify.
The average dual-fuel customer will pay an extra £78 a year, bringing the annual bill to £1,160, EDF said.
Combining both increases will mean that 1.5 million EDF customers will pay 18.1% more for their electricity this year.
However, taking into account the previous cut, gas prices will remain flat, the company said.
Most of its customers - 1.8 million - are now on fixed price deals, so will not be affected.
Ofgem was highly critical of the increases.
Dermot Nolan, its chief executive, said: ""EDF's second price rise in four months, when there has not been a dramatic rise in wholesale energy prices since it last put up prices, is difficult to justify and is further evidence that the energy market is not working in all consumers' interests.""
Commentators said EDF customers on standard tariffs could save more than £300 a year by switching to the best fixed-price deal.
""EDF has hit millions with a second shock price hike,"" said Archna Luthra, head of energy at MoneySavingExpert.
""If you haven't compared and switched already, see this as a final red alarm bell to take action - what are you waiting for?""
EDF said it would be contacting all customers on standard variable tariffs to review their situation.
The company is also introducing a new three-year fixed deal.
""I know that price rises are never welcome, but the industry is facing significant cost increases,"" said EDF's chief executive, Vincent de Rivaz.
""To be a sustainable and responsible business, we aim to make a fair margin in supplying customers. This fair margin allows us to invest for the long term, in particular in good service, innovation and smart metering.""
Five of the big six suppliers have announced price rises this year:",Energy firm EDF is raising the price of electricity for the second time this year for customers on standard tariffs.
20,"Polling booths opened at 07:00 BST in the area's 15 constituencies, with results expected to be declared after midnight.
Votes will be counted after the polls close at 22:00 BST.
For the latest news from all the counts on Merseyside, go to our election live service or check the results on your constituency profile page.",People are voting across Merseyside in the general and local council elections.
21,"Football
Rugby Union
Rugby League
Cricket
Tennis
Basketball
Athletics
Speedway
Ice Hockey
Radio 5 live and 5 live sports extra",A rundown of all the latest BBC radio commentaries online.
22,"The Reds looked in control when Roberto Firmino converted James Milner's pass and Daniel Sturridge backheeled to Sadio Mane to clip home a second.
But Leicester were given hope when Lucas inexplicably passed the ball to Jamie Vardy to shoot into an empty net.
However, Adam Lallana sealed the win by firing a shot into the top corner and Firmino got a second from Mane's pass.
Jurgen Klopp's Reds are up to seven points from four games, having played their first three matches on the road because of the expansion of Anfield's Main Stand.
Meanwhile, Leicester remain on four points as they prepare for their Champions League debut against Club Brugge on Wednesday.
Liverpool keeper Simon Mignolet picked up blood injuries to his nose and then eye, but he lasted the 90 minutes with summer signing Loris Karius remaining on the bench.
Liverpool, as has often been the case under Klopp, looked brilliant in stages, especially in the first 35 minutes when they could have been out of sight.
Their opener was a good passing move, which ended in left-back Milner playing a great ball through to Firmino, who stepped inside Robert Huth to steer the ball into the bottom corner.
The Foxes defence were again caught out by Jordan Henderson's ball forward for the second and Sturridge squared it with his heel for Mane to score on his home debut.
But there will be cause for concern as Brazilian midfielder Lucas started at centre-back, with Mamadou Sakho not in the squad, and he let Leicester back into the game.
He miscontrolled a simple pass from Mignolet and - under pressure and in a panic - played the ball across goal to Vardy, who just had to tap into an unguarded net.
That gave Leicester hope and they could have had an equaliser when Robert Huth headed a Luis Hernandez long throw-in off the bar.
Luckily for the Reds, they got their act together in the second half and Lallana scored his second goal in a week, after his England winner against Slovakia, to wrap up the win, from Georginio Wijnaldum's lay-off.
And they added a late fourth when Kasper Schmeichel - who made seven saves in an otherwise good performance - came flying out of his goal with Mane rounding him and unselfishly passing to Firmino to steer the ball past several Leicester defenders.
Media playback is not supported on this device
Media playback is not supported on this device
After record deadline day signing Islam Slimani only returned from Algeria duty on Friday night, Leicester boss Claudio Ranieri decided to wait before giving the striker his debut.
Leicester lined up with 10 of their 11 regular starters from last season's title-winning team, with Daniel Amartey in for N'Golo Kante, who was sold to Chelsea earlier this summer.
And they were outplayed throughout the game, with their only good spell inspired by Lucas' mistake.
Ranieri's side only had three shots on target, including the goal, with Vardy also forcing a save from Mignolet from Riyad Mahrez's ball forward.
Last season that combination ended so often in a goal - but this year they might need new ideas, so Ranieri will be eager for £29m Slimani to give them fresh impetus up front.
Former Foxes captain Matt Elliott, in his role as BBC Radio Leicester summariser, said: ""I didn't see anybody have a glaring howler of a game for Leicester, it was more of a general lack of quality.
""At times last year maybe the intensity was a little bit more, and the opposition weren't as good as Liverpool, Manchester United, Manchester City are going to be this season.""
The game was played in front of Anfield's biggest crowd since 1977, with a 54,000 sell-out in the newly expanded stadium. Some 8,500 seats were added to the Main Stand this summer.
Liverpool boss Jurgen Klopp told BBC Sport: ""It was a tough game against a really strong opponent.
""This team is really capable of a lot of exciting things. We played quick but then we conceded and had to show we could fight and stay in the game.
""I don't think about where we can reach. We have to be really strong in this league. We have had four away games to begin with, so let's go for it, enjoy it and today I saw some really wonderful things.""
Leicester boss Claudio Ranieri: ""Liverpool played well and deserved to win. We started well, but after the first goal we lost our shape a little.
""We tried in the second half, but everything Liverpool tried came good. We created chances, but were a little unlucky.
""We have to clear our minds for the next match. When we have lost in the past, we have always had a good reaction.""
Leicester play their first ever Champions League match on Wednesday, when they go to Club Brugge in their Group G opener (19:45 BST kick-off). They host Burnley in the Premier League next Saturday (15:00).
Liverpool do not have any European football this season, with their next match coming at Chelsea on Friday in the league (20:00).
Match ends, Liverpool 4, Leicester City 1.
Second Half ends, Liverpool 4, Leicester City 1.
Corner,  Leicester City. Conceded by Joel Matip.
Attempt blocked. Philippe Coutinho (Liverpool) right footed shot from outside the box is blocked. Assisted by James Milner.
Substitution, Liverpool. Alberto Moreno replaces Sadio Mané.
Goal!  Liverpool 4, Leicester City 1. Roberto Firmino (Liverpool) left footed shot from the centre of the box to the centre of the goal. Assisted by Sadio Mané.
Corner,  Leicester City. Conceded by Lucas Leiva.
Attempt saved. Sadio Mané (Liverpool) right footed shot from the centre of the box is saved in the centre of the goal. Assisted by Roberto Firmino.
Delay over. They are ready to continue.
Delay in match Simon Mignolet (Liverpool) because of an injury.
Robert Huth (Leicester City) is shown the yellow card for a bad foul.
Lucas Leiva (Liverpool) wins a free kick in the defensive half.
Foul by Robert Huth (Leicester City).
Attempt missed. Jordan Henderson (Liverpool) right footed shot from the centre of the box is too high. Assisted by Roberto Firmino.
Attempt saved. Jamie Vardy (Leicester City) header from the centre of the box is saved in the centre of the goal. Assisted by Ahmed Musa with a cross.
Attempt blocked. Philippe Coutinho (Liverpool) right footed shot from outside the box is blocked. Assisted by Roberto Firmino.
Offside, Liverpool. Philippe Coutinho tries a through ball, but Sadio Mané is caught offside.
Substitution, Liverpool. Kevin Stewart replaces Georginio Wijnaldum.
Substitution, Liverpool. Philippe Coutinho replaces Daniel Sturridge.
Attempt missed. Daniel Amartey (Leicester City) right footed shot from the centre of the box misses to the left following a corner.
Corner,  Leicester City. Conceded by Roberto Firmino.
Attempt blocked. Daniel Drinkwater (Leicester City) right footed shot from the right side of the box is blocked. Assisted by Riyad Mahrez with a cross.
Corner,  Leicester City. Conceded by Jordan Henderson.
Attempt blocked. Riyad Mahrez (Leicester City) left footed shot from outside the box is blocked. Assisted by Daniel Amartey.
Offside, Liverpool. Daniel Sturridge tries a through ball, but Roberto Firmino is caught offside.
Attempt missed. Robert Huth (Leicester City) header from the centre of the box misses to the left. Assisted by Luis Hernández with a cross.
Offside, Liverpool. Roberto Firmino tries a through ball, but Daniel Sturridge is caught offside.
Joel Matip (Liverpool) wins a free kick in the defensive half.
Foul by Jamie Vardy (Leicester City).
Substitution, Leicester City. Leonardo Ulloa replaces Marc Albrighton.
Adam Lallana (Liverpool) wins a free kick in the attacking half.
Foul by Daniel Drinkwater (Leicester City).
Attempt saved. Jamie Vardy (Leicester City) left footed shot from the centre of the box is saved in the centre of the goal. Assisted by Riyad Mahrez with a through ball.
Foul by Roberto Firmino (Liverpool).
Marc Albrighton (Leicester City) wins a free kick in the defensive half.
Goal!  Liverpool 3, Leicester City 1. Adam Lallana (Liverpool) right footed shot from the right side of the box to the top left corner. Assisted by Georginio Wijnaldum.
Attempt saved. Daniel Sturridge (Liverpool) left footed shot from the centre of the box is saved in the centre of the goal. Assisted by Roberto Firmino.
Adam Lallana (Liverpool) wins a free kick in the defensive half.
Foul by Daniel Amartey (Leicester City).
Delay over. They are ready to continue.",Liverpool easily beat Premier League champions Leicester in their first home game of the season.
23,"A £100,000 reward is on offer for information leading to the conviction of the killers of 14-year-old Charlene Downes or the recovery of her body.
An appeal will be made on the big screen and inside programmes during the team's match against Brighton at Bloomfield Road on Saturday.
Charlene disappeared near Blackpool's North Pier on 1 November 2003.
Police believe she was one of a number of girls who were groomed for sex.
Lancashire Police and Crime Commissioner Clive Grunshaw said: ""Someone out there knows something about what happened to Charlene.
""Detectives believe the answer lies in Blackpool - and it could lie at Bloomfield Road on Saturday.""
Det Supt Andy Webster said: ""We have never given up our search for information about Charlene, who we believe was murdered more than a decade ago.
""We appreciate that a considerable amount of time has passed since Charlene went missing, but we would still encourage anyone with information at all to come forward and speak to us.""
In 2008, a judge ordered a man to be cleared of Charlene's murder, after ""grave doubts"" were raised around evidence during his second trial. The jury in his first trial failed to reach a verdict.
The following year, the Independent Police Complaints Commission (IPCC) said police errors in gathering evidence had contributed to the collapse of the retrial.
The IPCC investigation concluded the investigating team was guilty of a strategic and tactical failure in the management of the material and several officers were disciplined, with one being forced to resign in 2011.
The resignation order was overturned by a Police Arbitration Tribunal in 2012.",Blackpool football fans are being asked to help solve the murder of a teenager who disappeared over a decade ago.
24,"The first minister said images of Aylan Kurdi being carried from the sea had ""touched our hearts"".
Ms Sturgeon is to convene a migrant crisis summit on Friday with councils and humanitarian agencies.
Prime Minister David Cameron has come under increasing pressure for Britain to accept more refugees.
Scottish Conservative leader Ruth Davidson is among those who have urged Mr Cameron to do more to tackle the refugee crisis in Europe.
But Immigration Minister James Brokenshire said accepting more refugees was not the answer.
Speaking at First Minister's Questions, Ms Sturgeon said: ""As first minister I pledge that I will ensure Scotland will do everything possible to help in this refugee crisis.
""I will be far from the only person reduced to tears last night at the picture of a little boy washed up on a beach.
""That wee boy has touched our hearts but his is not an isolated tragedy.
""He and thousands like him whose lives are at risk is not someone else's responsibly; they are the responsibility of all of us.
""So yes I am angry, I am very angry at the walk-on-by attitude of the UK government and I implore David Cameron to change his position and change it today.
""I pledge as first minister of this country that we stand ready to offer sanctuary to refugees that need our help.""
Scottish Labour leader Kezia Dugdale also criticised Mr Cameron's response to the crisis.
She urged the first minister to ""convene an urgent meeting with Scotland's council leaders, party leaders and people in this parliament and other relevant government agencies so that Scotland can speak with one voice and match our compassion with the action we are all willing to take"".
Ms Sturgeon said she had already set up a summit, which will bring together humanitarian organisations, including the Scottish Refugee Council, leaders of councils, civic organisations and religious leaders.
Scottish Liberal Democrat leader Willie Rennie said he would accept the invitation to attend the summit.
Ms Davidson said the UK government must act ""closer to home"" and go beyond donating aid to Syria, adding: ""This is not an immigration issue - it's a humanitarian crisis.""
She added: ""I call on David Cameron to lead our government's response and accept more refugees.""",Nicola Sturgeon has told how she was reduced to tears by photos of a dead Syrian boy washed up on a Turkish beach.
25,"They say 40% of coral has died at the Dongsha Atoll in the South China Sea.
Nothing as severe has happened on Dongsha for at least 40 years, according to experts.
Anne Cohen of Woods Hole Oceanographic Institution in Massachusetts, US, said the high water temperatures of 2015/16 were devastating for reef systems globally, including Dongsha.
Coral bleaching - where corals turn white and may die - was the worst on record for Australia's iconic Great Barrier Reef in 2016.
The barrier reef has absorbed a lot of the attention, but other reefs around the world were also severely affected, said Dr Cohen.
""The 2015/2016 El Nino was devastating for reef systems in other parts of the world as well, including Dongsha Atoll and reefs in the central Pacific, where some of the most pristine coral reefs are located and of course, the US Pacific Remote Marine National Monument,"" she said. ""We observed devastating bleaching in that area as well.""
Only last week, scientists published observations of three major die-offs of coral at the Great Barrier Reef in 2016, 2002 and 1998.
They concluded that the only way to preserve the world's coral reefs is to take drastic action to reduce global warming.
The study of the Dongsha Atoll, reported in the journal, Scientific Reports, echoes this finding.
""Based on what we observed on Dongsha, a 2 degree cap on ocean warming may not be enough to save coral reefs,"" Dr Cohen told BBC News.
""This is because coral reefs are shallow water ecosystems and a tweak in the local weather can turn that 2 degrees Celsius into a 6 degrees Celsius warming.""
The Dongsha Atoll, located in the South China Sea, near south-eastern China and the Philippines, is rich in marine life and is regarded as one of the world's most important coral reefs.
The researchers said on its own, a 2 degrees Celsius rise in temperatures was unlikely to cause widespread damage to coral reefs in the region.
But, a high-pressure system caused temperatures to spike to 6 degrees, leading to the death of 40% of coral over the course of six weeks.
They argue that predictions of the future of coral reefs may be ""overly optimistic"" for some reefs in shallow water.
Bleaching happens when high water temperatures cause corals to expel the algae they depend upon.
The Australian government confirmed in March that widespread coral bleaching is happening on the Great Barrier Reef for the fourth time in history.
Follow Helen on Twitter.","Scientists are warning of another ""devastating"" loss of coral due to a spike in sea temperatures."
26,"He accused Suliman Gani in Parliament of backing the militant group as he questioned Sadiq Khan's judgement in sharing a platform with him.
Mr Gani has said claims he backs IS are defamatory and must be retracted.
Earlier on Wednesday, Defence Secretary Michael Fallon apologised for making similar claims.
At Prime Minister's Questions in April, Mr Cameron said Mr Khan had appeared on a platform nine times with Mr Gani, whom the prime minister alleged ""supports IS"".
Mr Gani said at the time that he wanted to take legal action against Mr Cameron but was unable to do so because of Parliamentary privilege rules, which protect MPs' freedom of speech in the Commons.
In a statement, Downing Street said Mr Cameron was referring to reports that Mr Gani supports ""an"" Islamic state.
A Number 10 spokesman said: ""The prime minister is clear this does not mean Mr Gani supports the organisation Daesh and he apologises to him for any misunderstanding.""
Several senior Conservatives attacked Mr Gani at the height of the London mayoral race and accused Mr Khan - who was elected London Mayor last week - of associating with extremists, an approach which Labour said was illustrative of a ""divisive, dog-whistle campaign"".
Mr Fallon apologised for an ""inadvertent error"" in labelling Mr Gani an IS sympathiser. He made the claim about the Tooting preacher during a BBC interview, as he defended the Conservatives' London mayoral election campaign.
In a message on social media last month, Mr Gani said he had ""condemned IS wholeheartedly"" since its inception and that it in no way represented his beliefs. He wrote: ""Saying I support Islamic State is untrue and highly damaging to my reputation.
""I am totally opposed to so-called Islamic State which I view as a terrorist and inhumane organisation. Indeed as an imam and community leader, I have campaigned against the evils of Islamic State to my fellow Muslims and to others in the community.""
Dr Shuja Shafi of the Muslim Council of Britain welcomed the ""long overdue apology"", but said ""such smear-by-association has become all too common for Muslims and Muslim organisations"".
""For the real extremists we are all opposed to, such tactics will only provide fresh new examples of a society not willing to accept Muslims for who they are,"" he said.
He called for the prime minister and the defence secretary to repeat their apologies in Parliament, and for an ""urgent review"" of Islamophobia in the Conservative party.","David Cameron has apologised for ""any misunderstanding"" after describing a former imam as a supporter of the Islamic State group."
27,"The 10 men and three women, aged from 22 to 54, are from Lincolnshire and West Yorkshire and are due to appear in court next month.
Ten face charges of conspiracy to hold another person in slavery or servitude.
Two have been charged with cheating the public revenue, and another person has been charged with false representation and possession of criminal property.
They are due to appear at Lincoln Magistrates' Court on 28 October.
Seven of those charged are from Washingborough Road, Lincoln; five from Drinsey Nook, near Saxilby; and one from Kinsley in West Yorkshire.
The charges follow a joint operation involving police and the National Crime Agency, during which a number of traveller sites were raided, including Drinsey Nook and Washingborough Road.",Thirteen people have been charged after a police operation against modern slavery.
28,"The court refused permission to Salvatore Girone to travel to Italy for Christmas.
It also rejected Massimiliano Latorre's request to extend his stay in Italy by two more months. He was allowed to go home in September for four months for medical treatment.
The marines are on bail pending trial.
On Tuesday, the court said the trial had already been much delayed and that legal proceedings must resume soon.
The marines were guarding an Italian oil tanker when they opened fire, killing two men off the Kerala coast. The marines said they mistook the fishermen for pirates.
India has ruled out the possibility of a death penalty and invoking the anti-piracy law to try the marines.
Italy has always insisted that as the shooting had taken place in international waters, the men should be tried in Italy.
Last year, Delhi and Rome were involved in a bitter diplomatic row after Italy refused to send the marines back when they were allowed to go home to vote in the February 2013 elections.
The marines eventually returned to Delhi a month later and the court withdrew its controversial order.",India's Supreme Court has rejected travel appeals of the two Italian marines accused of killing two Indian fishermen in 2012.
29,"The news comes as a major boost to Britain's technology sector.
Sundar Pichai, the chief executive of Google, told the BBC that the UK was still an attractive place to do business.
He said open borders and free movement for skilled migrants were ""absolutely"" important to the success of the technology sector in the UK.
It was Mr Pichai's first European broadcast interview since he became chief executive last year.
Sources at the technology company also said if barriers were thrown up to skilled immigration following the vote to leave the European Union, some of Google's investment could be at risk.
Turning to the ""fake news"" controversy in America - and choosing his words very carefully - Mr Pichai said that, at the margin, false stories about Donald Trump and Hillary Clinton could have affected the outcome of the US election as the margins were ""very narrow"".
And that it was important that companies like Google and other social media businesses promoted ""accurate"" stories to their billions of users.
Although Google refused to be drawn on the cost of the UK investment, development experts said the new building in King's Cross and the cost of employing thousands more staff was likely to put the figure at over £1bn.
At present, Google employs around 4,000 people in the UK, a figure that could now rise to 7,000.
The office space owned by Google in King's Cross will more than double.
""The UK has been a tremendous market for us,"" Mr Pichai told me.
""We see big opportunities here. This is a big commitment from us - we have some of the best talent in the world in the UK and to be able to build great products from here sets us up well for the long term.""
The new 650,000 sq-ft headquarters has been designed by Thomas Heatherwick, the designer behind the ""garden bridge"" across the Thames.
He was brought in by Google after its founders, Sergey Brin and Larry Page, rejected initial designs for a new headquarters as ""too boring"" in 2013. Danish architects Bjarke Ingels Group are also involved in the project.
Many companies raised fears before the referendum that if Britain voted to leave the European Union, foreign investment would be affected.
Questions were raised over whether Google would commit to the new building.
But Mr Pichai made it clear the strength of the UK economy went far beyond the Brexit vote.
""The innovation we see here, the talent we have available here and how on the cutting edge of technology we are able to be here makes it an incredible place for us to invest,"" he said.
""We do value how open and connected it is and we can bring in talent from anywhere in the world and we value those attributes and we are optimistic that those will stay true over time.
""So we did [make the investment decision] taking into consideration [the referendum], but we are very optimistic.""
He said Brexit may have complicated ""secondary effects"" over the longer term but it was too early to say what they may be.
I asked Mr Pichai what the government's approach should be to immigration controls.
""I want to be respectful,"" he answered.
""These are important questions for the citizens of the UK to answer.
""I think there are thoughtful debates to be had.
""In our experience as a company, when we have been able to bring people together and operate in an open and connected way it achieves tremendous impact over time.
""Those are the values we cherish, and we have been open and public about how we think about these things.
""When I look at London [I see] a place in which we are able to attract great talent, find great talent in the UK, thanks to a great educational system here, but it has also been a place where people are willing to come from anywhere in the world.
""Increasingly, for the kinds of complex things we do, we need to bring people who are across many disciplines - with many different backgrounds - together to solve problems. That's how you can build newer things, so that is particularly important for us.""
He said that he would ""worry"" if controls on skilled migration were made more stringent.
Turning to events in America and the election of Donald Trump, Mr Pichai said it was clear the country was ""deeply divided"".
""I come from India, I am used to a vibrant democracy, and it is the same in the United States.
""It is important to remember that we had a democratic process and there has been an outcome.
""As you can see the country is deeply divided so I tend to look forward and I think we need to figure out how to constructively engage with the new administration and hear the voices of people, as at Google we care about certain values - be it freedom of expression, the notion of inclusion and fairness, building open systems, building a connected world.
""But it is also important to acknowledge that there are people, through a process like this, who feel left behind, and I am glad the democratic process gives voices to everyone.""
I asked him if the atmosphere in America had become nastier during the campaign and in its aftermath.
""The rhetoric, for sure, did bother me, as it did many people during the election but I am hopeful there are a lot of founding principles - what makes the US the country it is - and I hope post the campaign season, as we move back into a governing phase, I think people will come together and we have a lot of important problems to work through.""
Following the presidential election, Facebook and Google have faced protests over the dissemination of ""fake news"", with their computer systems often promoting stories about Mr Trump and Hillary Clinton that were false.
Some have even suggested that the stories may have affected the way people voted, and ultimately, the outcome of the vote, an argument dismissed by Mark Zuckerberg as ""pretty crazy"".
In his interview with me, Mr Pichai was more circumspect, saying that social media companies needed to do more to promote accurate stories.
""This is very important to us,"" he said.
""At Google we have always cared about bringing the most relevant, the most accurate results to users and that is where almost all of our work goes at the end of the day.
""It is important to remember that we get billions of queries every day.
""There have been a couple of incidences where it has been pointed out and we didn't get it right.
""And so it is a learning moment for us and we will definitely work to fix it.
""Just in the last two days we announced that we will remove advertising from anything we identify as fake-news.
""Over the last year we have looked at things like how do we fact check articles, the notion of trusted sources in journalism - how do we promote those better.
""So there are a lot of initiatives we are undertaking so hopefully all of that will help us do it even better.""
I asked Mr Pichai whether he believed fake news could have affected the outcome of the election.
""I think there is a lot of discussion about this in the context of social media.
""I am not fully sure.
""Look, it is important to remember this was a very close election and so, just for me, so looking at it scientifically, one in a hundred voters voting one way or the other swings the election either way.
""So, when you talk about such narrow margins, obviously there are many, many contributing factors and so I think there is enormous debate because of that - I am not fully sure what caused this.""
Given those tight margins, I asked, could fake news have affected some people's vote - and maybe enough people's vote to affect the outcome.
""Sure,"" he answered after a pause.
""You know, I think fake news as a whole could be an issue.
""From our perspective, there should just be no situation where fake news gets distributed, so we are all for doing better here.
""So, I don't think we should debate it as much as work hard to make sure we drive news to its more trusted sources, have more fact checking and make our algorithms work better, absolutely.""
Mr Pichai said it was too early to say whether Google would change its corporate tax structure if Mr Trump followed through with his campaign pledge to cut American business taxes.
With business tax rates currently above 30%, many global companies like Google shelter a substantial proportion of the profits they make in offshore tax jurisdictions.
""We have always said that the US corporate tax structure is part of the problem in the overall corporate structure globally for multi-nationals,"" Mr Pichai said.
""To the extent that there is progress there I think it will help us arrive at a better construct but the solution needs to be comprehensive and needs to work for all companies involved.""
I asked the Google chief executive about the controversies the company has faced over the payment of taxes and over accusations it has used its market dominance to crush opposition businesses.
""As a company, we want to be a good citizen in every market we are in and that is true for the UK as well,"" he said.
""To your question on tax - today, we contribute a lot to the UK economy and we enable for example small businesses to be the engine of any economy.
""We are happy to pay our fair share of tax.
""As you know tax is a global construct. We are a multi-national company in well over 100 countries and we have advocated comprehensive tax reform so we can engage and get to a better place.
""But I think it is important to remember that we are one company in a global system and it is more important for governments and citizens to sort out the right structure and we are always happy to engage in a thoughtful and constructive manner.""
On criticisms from competitors and in Brussels that Google has acted anti-competitively, Mr Pichai said ""there has never been a day at Google where we have had a construct like that"".
He said the company developed technology that was shareable and focused on what consumers wanted.","Google is to open a new headquarters building in London which could see 3,000 new jobs created by 2020."
30,"Pawel Sroka, 33, of Meadvale Road, Croydon, was charged on Saturday with the murder of his 29-year-old partner, Joanna Trojniak, of the same address.
A special post-mortem examination on 24 March gave the cause of death as a stab wound to the chest.
Ms Trojniak's next of kin have been informed. Mr Sroka is due to appear at Bromley Magistrates' Court on 4 April.",A man from Croydon has been charged with murder after the death of his partner last month.
31,"The discovery was made after another child was threatened in the school's playground on 4 March.
A boy was excluded from the school following the incident, in which no-one was injured.
A police spokesman said the child was spoken to and reported to the Reporter to the Children's Panel.
He added: ""No-one was injured in the incident and a knife was recovered.""
Dumfries and Galloway council described the behaviour as ""totally unacceptable"".
A spokesman said the local authority took safety in its schools very seriously.
He added: ""The school carried out investigations immediately and handled the matter appropriately and sensitively, involving the parents of the children concerned and Police Scotland.
""The incident resulted in an exclusion, with arrangements in place between the pupil, parents and the school in terms of expectations, support and supervision.
""The council is providing support, advice and resources to assist the school deal with this matter.""","Police were called to a primary school in Dumfries after a nine-year-old pupil was found with a knife, it has emerged."
32,"Richards-Ross, 32, revealed in her new book that she had a termination a day before leaving for Beijing 2008, where she won a gold and bronze medal.
She later claimed that every female athlete she knows has had an abortion but the issue is ""not talked about"".
""There is a brokenness there,"" the American told BBC Radio 5 live.
""For me, it was really healing to be able to share that with other friends.
""Now I've had other women reach out to me, not just in track and field but all over the world. They've said 'your courage is helping me to heal myself'. That's meant a whole lot to me.
""I feel bad because I think people misinterpreted when I said 'everyone I know'. I don't intimately know a lot of women in this sport.
""When I started to share my story I was like 'wow', so many women around me have been through the same thing and no matter how close you are, it's something that people don't share.""
Richards-Ross won three Olympic golds in the 4x400m relay for the USA, with her first and only individual gold coming in the 400m at London 2012.
She also claimed seven medals at the World Championships - including five golds - before retiring in 2016.
During her career, the Jamaican-American athlete became well-known for her style on the track - which included wearing make-up and nail varnish while competing.
She hopes that her image, as well as her sporting achievements, will inspire female athletes in the future.
""People ask me 'why do you wear make-up when you run?' and 'why are you so stylish?' and a big part of it for me was to show young girls that you don't have to be butch or masculine to be a great athlete,"" she said.
""I've had so many girls during my career saying 'thanks for making it cool to wear make-up on the track'. My hope is that I've empowered some young women to go towards sports because sport is one of the best life teachers you can have.""
Richards-Ross' time of 48.70 seconds in the women's 400m is the fastest since 2005.
The world record of 47.6 was set by East German athlete Marita Koch in 1985 but there has always been doubt cast over the time.
Koch competed during a period when it is known that East Germany was doping its athletes but she has denied any wrongdoing and never failed a test.
When asked about doping in track and field, Richards-Ross said: ""The more we hear about these horror stories of the best athletes in the world not being clean, it definitely impacts on our sport.
""I think the IAAF [International Association of Athletics Federations] needs to go back as far as they have records to ensure the records we are competing against are clean and fair.
""I want to see the IAAF do everything they can to make sure the sport is clean.""
You can listen to the full interview with Emma Barnett on 5 live Daily on Tuesday, 15 August.",Former Olympic 400m champion Sanya Richards-Ross says she has helped other women by speaking publicly about having an abortion.
33,"The northbound carriageway was closed at 02:00 on Thursday at junctions five, Castle Bromwich and six, Spaghetti Junction and was not reopened until about 01:30 GMT on Friday.
A 26-year-old man driving a Saab died at the scene.
A 200m-length section across four lanes had to be resurfaced after a fuel spillage, Highways England said.
Read more on this story and other news from Birmingham and the Black Country
A Highways England spokesman said earlier: ""You've got about a 200m stretch - so that's 800m across all four lanes.
""Fuel has leaked on to the carriageway and it's really got into the carriageway, so that's the problem and it's just not safe to reopen.""
Traffic jams trailed back to junction four for the M42.
Drivers were stuck for hours in congestion on the M42 north from junctions six to nine and on the A446 around Coleshill.
Many of the main routes into Birmingham slowed to a crawl as people tried to find alternative routes.
BBC Travel has the latest
Two southbound lanes between junctions six and five, that were closed at about 03:00, reopened about six hours later.
Two lanes closed on the northbound carriageway of the M6 at junction 3A near Coleshill after a separate traffic collision at 12:30 reopened by 13:00, said Highways England.
Drivers expressed their anger on social media at being caught in the congestion in and around Birmingham during Thursday's rush hour.
Paul Davis tweeted at 10:00 he had only managed to drive six miles after leaving from Sutton Coldfield at 07:00.
Earlier Virgin Trains said it had advised its ticket managers at Birmingham International to use discretion towards commuters in light of the disruption.
Police had hoped to reopen the northbound lanes at about 07:30 on Thursday, but Highways England said extensive damage had been caused and assessment and repair work was being carried out.
Diversions were put in place but motorists were caught up in long delays on surrounding routes, particularly on the A38.
West Midlands Ambulance Service said the lorry driver in the collision was shaken but uninjured.",Part of the M6 in Birmingham was closed for almost 24 hours after a fatal collision involving a lorry and a car.
34,"President Barack Obama has declared the state a disaster area, meaning federal aid can be sent to the affected areas.
Soldiers and emergency teams have rescued more than 20,000 people from their homes or cars after the floods, which were caused by torrential rain.
Emergency workers told the BBC some people were still stuck in their homes.
The neighbouring states of Alabama and Mississippi also experienced severe weather, although rains are lessening as they move west over Louisiana and further.
One of the worst-affected areas is the Louisiana capital, Baton Rouge.
William Daniel, an official there, told the BBC from an emergency control centre that between 8,000 and 10,000 people were in shelters.
""We're still receiving phone calls about people who're trying to get out of their homes because they can't get out because either there's water coming in to their houses or their streets are blocked.
""It is definitely an unprecedented flood here in Baton Rouge. Houses that have never ever even come close to flooding have water three and four foot high in to the houses.""
""This is a flood of epic proportions,"" JR Shelton, the mayor of Central City told local media. ""When we talk about floods now, we'll talk about the great flood of 2016. ""Everything else pales in comparison.""
Shanita Angrum, 32, called the police when she realised her family were trapped in their home. An officer arrived and carried her six-year-old daughter to safety.
""Snakes were everywhere,"" she told Associated Press. ""The whole time I was just praying for God to make sure me and my family were OK.""
John Mitchell, a 23-year-old Louisiana resident, was forced to swim to safety with his girlfriend and her one-year-old daughter. They were rescued by police officers in a boat.
""This is the worst it's been, ever,'' Mr Mitchell said. ""We tried to wait it out, but we had to get out.""
Several rivers in Louisiana and Mississippi are overflowing.
The state is prone to bursts of extreme weather; thousands of acres of Louisiana were flooded in 2011 to divert water from the flooded Mississippi River and to spare cities, including Baton Rouge and New Orleans, that lie downstream.
In 2005, New Orleans suffered one of the worst natural disasters in US history, when Hurricane Katrina hit the city. The storm killed nearly 2,000 people and displaced one million. Thousands of homes were flooded and destroyed in Louisiana and along the Gulf coast.","At least five people have died and thousands have been rescued after ""historic"" flooding swamped the US state of Louisiana."
35,"The 75-year-old was recovered unconscious from the water at Tywyn, by a crew from Aberdovey RNLI Lifeboat at 16:14 BST on Saturday.
He was flown to hospital by the coastguard rescue helicopter but later died.
The girls were taken to hospital as a precaution.
In a separate incident, three people including a 16-year-old boy and a 14-year-old girl, were rescued from the sea in Harlech at about 15:30 BST on Saturday.
Harlech Coastguard team, Criccieth RNLI Lifeboat, North Wales Police and paramedics were involved in the rescue.
North Wales Police warned people to take extra care in the sea and to avoid taking risks.",A man has died after attempting to rescue two teenage girls who got into difficulty in the sea in Gwynedd.
36,"Speaking to BBC Radio 4's Today programme, he said: ""The only response can be: 'yes, Mr President'.""
Gen Petraeus resigned as CIA director in 2012 following an extramarital affair with his biographer.
It later emerged he had shared classified material with her.
He served as a senior officer under Presidents Bush and Obama. He was the commander of US and Nato forces in Afghanistan, before retiring from the military to take the top position in the Central Intelligence Agency.
Asked if he thought Mr Trump had the correct temperament to be the US President, he said: ""It's up to Americans at this point in time not only to hope that that is the case, but if they can, endeavour to help him.""
He then indicated he would personally serve under Mr Trump if asked.
""If you're asked, you've got to serve - put aside any reservations based on campaign rhetoric... and figure out what's best for the country,"" he said.
""I've been in a position before where a president has turned to me in the Oval Office in a difficult moment, without any pleasantries, and said 'I'm asking you as your president and Commander in Chief to take command of the international security force in Afghanistan.'
""The only response can be: 'yes, Mr President,'"" he continued.
A number of media outlets have linked the retired general with positions in the new administration.
A report in The Guardian last week linked Gen Petraeus to the race for secretary of state, citing diplomatic sources.
Mr Trump has been putting together his administration made up of friends, family, and former rivals - but several key positions, including secretary of state, remain open.
General Petraeus was indirectly critical of some of Donald Trump's rhetoric during the presidential election campaign, describing the president elect's anti-Muslim comments as toxic.
However, he said he had heard good things from those who have been speaking with Mr Trump since the election result.
""It's interesting that those who have been talking to him have said, you know, he's very personable, very hospitable, very gracious guy, full of questions and dialogue,"" he said.
He also suggested that Mr Trump could forge closer ties with Russia, comparing his political position to that of President Nixon's overtures to China in the 1970s.
""Only Nixon could have gone to China. Anyone else would have been criticised from the right,"" he said.
""I think that the current president would have been criticised from the right had he tried some of the kinds of outreach that, in fact, President-elect Trump may pursue.""
But he warned that any such outreach should be attempted ""with your eyes wide open"".","General David Petraeus, one of the United States' most prominent military officers, has indicated he would be willing to serve in President-elect Donald Trump's administration if asked."
37,"Many Sephardic Jews were killed, forced to convert to Christianity or leave at the end of the 15th Century.
Parliament paved the way for a change in citizenship laws two years ago, but the move needed Cabinet approval.
From now on, descendants of Sephardic Jews who can prove a strong link to Portugal can apply for a passport.
Proof can be brought, the government says, through a combination of surname, language spoken in the family or evidence of direct descent.
Thousands of Sephardic Jews were forced off the Iberian peninsula, first from Spain and then from Portugal.
Some of those who fled to other parts of Europe or to America continued to speak a form of Portuguese in their new communities.
The Portuguese government acknowledges that Jews lived in the region long before the Portuguese kingdom was founded in the 12th Century.
""There is no possibility to amend what was done,"" says Portuguese Justice Minister Paula Teixera da Cruz, adding that the law change was ""an attribution of a right"".
Portugal's Jewish community which once numbered in the tens of thousands has shrunk to just 1,000 - most of them Ashkenazim with roots in Eastern Europe.
Neighbouring Spain is still debating a similar law to address its treatment of Jews in the past.",The Portuguese Cabinet has approved rules under which descendants of Jews expelled from Portugal more than 500 years ago can claim citizenship.
38,"The weather phenomenon is set to exacerbate droughts in some areas, while increasing flooding in others.
Some of the worst impacts are likely in Africa with food shortages expected to peak in February.
Regions including the Caribbean, Central and South America will also be hit in the next six months.
This periodic weather event, which tends to drive up global temperatures and disturb weather patterns, has helped push 2015 into the record books as the world's warmest year.
""By some measures this has already been the strongest El Nino on record. It depends on exactly how you measure it,"" said Dr Nick Klingaman from the University of Reading.
""In a lot of tropical countries we are seeing big reductions in rainfall of the order of 20-30%. Indonesia has experienced a bad drought; the Indian monsoon was about 15% below normal; and the forecasts for Brazil and Australia are for reduced monsoons.""
As both droughts and floods continue, the scale of the potential impacts is worrying aid agencies. Around 31 million people are said to be facing food insecurity across Africa, a significant increase over the last year.
Around a third of these people live in Ethiopia where 10.2 million are projected to require humanitarian assistance in 2016.
Can Ethiopia cope with drought?
South Africa grapples with worst drought in 30 years
El Nino is a naturally occurring weather episode that sees the warm waters of the central Pacific expand eastwards towards North and South America.
It was originally recognised by fishermen off the coast of South America in the 1600s with the appearance of unusually warm water in the Pacific Ocean. El Nino translates as Little Boy, or Christ Child.
The phenomenon, which happens every two to seven years, usually peaks late in the calendar year, although the effects can persist well into the following spring and last up to 12 months.
El Nino is part of what is known as the El Nino-Southern Oscillation (ENSO) cycle - the opposite phase of the cycle is called La Nina. La Nina is sometimes referred to as the cold phase and El Nino the warm phase
The current El Nino episode is the strongest event since 1998 and is expected to be among the three most powerful ever recorded. According to the WMO, the peak three month average water surface temperatures in tropical Pacific are expected to exceed 2C above normal.
Strongest El Nino since 1950 on the way
Matt McGrath: 'High impacts' from globally stronger El Nino
The UK's Department for International Development says (DfID) it is providing emergency support for 2.6 million people and 120,000 malnourished children. It says it will provide 8 million people with food or cash support from January 2016.
""If we fail to act now against this especially powerful El Nino, we will fail vulnerable people across our world,"" UK International Development Minister Nick Hurd said in a statement.
""Ensuring security for those affected by El Nino is important to their countries but also in Britain's national interest. Only by protecting and stabilising vulnerable countries can we ensure people are not forced to leave their homes in search of food or a new livelihood.""
According to the UN, around 60 million people have been forced to leave their homes because of conflict.
Aid agencies like Oxfam are worried that the impacts of the continuing El Nino in 2016 will add to existing stresses such as the wars in Syria, South Sudan and Yemen.
They say that food shortages are likely to peak in Southern Africa in February with Malawi estimating that almost three million people will require humanitarian assistance before March.
Drought and erratic rains have affected two million people across Guatemala, Honduras, El Salvador and Nicaragua. More floods are expected in Central America in January.
""Millions of people in places like Ethiopia, Haiti and Papua New Guinea are already feeling the effects of drought and crop failure,"" said Jane Cocking, from Oxfam.
""We urgently need to get help to these areas to make sure people have enough food and water.
""We cannot afford to allow other large-scale emergencies to develop elsewhere. If the world waits to respond to emerging crises in southern Africa and Latin America, we will not be able to cope,"" she said.
While many parts of the developing world will more directly feel the ongoing impacts of El Nino, the developed world will see impacts on food prices.
""It takes some time for the impacts of El Nino to feed through to social and economic systems,"" said Dr Klingaman.
""Historically food prices have gone up by 5%-10% for staples. Crops like coffee and rice and cocoa and sugar tend to be particularly affected.""
The El Nino event is likely to tail off into the spring - but that may not be good news either.
El Ninos are often followed by La Nina events, which can have opposite but similarly harmful effects. Scientists say during an El Nino there is a huge transfer of heat from the ocean to the atmosphere. Normally, as in 1997/98, that heat transfer tends to be followed by a cooling of the ocean, a La Nina event,
""It's possible but far from certain that this time next year we could be talking about the reverse of many of these impacts,"" said Dr Klingaman.
""In places where we are seeing droughts from El Nino, we could be seeing flooding from La Nina next year.
""It's just as disruptive, it's just the other way round.""
Follow Matt on Twitter @mattmcgrathbbc.","The strongest El Nino weather cycle on record is likely to increase the threat of hunger and disease for millions of people in 2016, aid agencies say."
39,"The man, in his 20s, was the only person in the BMW convertible when the accident happened on the A323 Aldershot Road in Guildford.
He was travelling east when his car left the road near the junction with Holly Lane at 23:00 BST on Monday.
Police closed the road between Frog Grove Lane and Holly Lane while investigators were at the scene. Officers have appealed for witnesses.",A driver died when his sports car hit a tree on a main road in Surrey.
40,"23-year-old Mawson arrived at the Liberty Stadium from Championship side Barnsley in August of 2016 and has performed well despite never playing in the first tier before joining the club.
Swansea face Everton needing to win as they fight Premier League relegation and Clement believes Mawson's fine form will help in them stay up.
""He can be very good,"" Clement said.
He continued: ""He is so young and does not have a lot of experience at this level. You can see there is that rawness about him that really catches the eye, the next moment there is something he should not be doing.
""But he is at the age where he is developing. He has a lot of good attributes, physically, technically and tactically. So he can go on and do really well.""
Mawson has struck up a promising partnership with fellow centre-half Federico Fernandez, much like his predecessor and club captain Ashley Williams.
After the departure of Williams to Everton in the summer, the Argentine international suffered a dip of form, but has worked well at the back with Mawson.
""He [Fernandez] has hit some really good form. He was very, very good against Manchester United in his defending,"" said Clement.
""He could do better with the ball at times, but he and Alfie are forming a nice partnership.
""Earlier in the season there were too many goals going in, but they have had a fair share of games now where they have only conceded one goal or kept a clean sheet so that is good.""
With a late kick-off at the Liberty Stadium, the Swans know they could be as much as five points behind the side they are chasing, Hull, when they take to the pitch.
The Tigers entertain already relegated Sunderland.",Swansea City head coach Paul Clement says centre back Alfie Mawson has a bright future ahead of him at the club.
41,"In the Yemeni capital, Sanaa, where the threat of attack is considered greatest, the UK, France and Germany have also shut their embassies.
The British embassy has emptied completely, with all remaining British staff leaving the country on Tuesday, while the US air force flew out American personnel.
So just what is it about al-Qaeda's branch in Yemen that triggers such warning bells in Washington?
Al-Qaeda in the Arabian Peninsula (AQAP), al-Qaeda's branch in Yemen, is not the biggest offshoot of the late Osama Bin Laden's organisation, nor is it necessarily the most active - there are other, noisier jihadist cells sprawled across Syria and Iraq, engaged in almost daily conflict with fellow Muslims.
But Washington considers AQAP to be by far the most dangerous to the West because it has both technical skills and global reach.
Plus it is loyal to the nominal al-Qaeda leader, Ayman al-Zawahiri, and what remains of the group's core leadership hiding in Pakistan.
For the West, AQAP presents three dangers:
AQAP has form. In August 2009, its master bomb-maker Ibrahim al-Asiri, a Saudi national, built an explosive device so hard to detect it was either packed flat next to the wearer's groin or perhaps even concealed inside his body.
He then sent his brother Abdullah, a willing volunteer, as a human bomb to blow up the Saudi prince in charge of counter-terrorism. He very nearly succeeded.
Pretending he wanted to give himself up, Abdullah al-Asiri fooled Saudi security into letting him get right next to Prince Mohammed Bin Nayef before the device was detonated, possibly remotely by mobile phone.
The blast blew the bomber in half, but with most of the explosive force directed downwards, the prince had a miraculous escape with only a damaged hand. AQAP boasted that it would try again and it did.
In December 2009, Ibrahim al-Asiri devised another device to put on a volunteer, this time a young Nigerian called Omar Farouk Abdulmutallab.
He was able to fly all the way from Europe to Detroit with a viable explosive device hidden in his underpants, a massive failure of intelligence and security.
But when he tried to light it as the plane approached Detroit airport, he was spotted, overpowered, arrested and convicted of the attempted use of a weapon of mass destruction.
As Western intelligence heads scrambled to assess this new development, the British government decided to raise the UK national terror threat level to ""critical"", its highest ever. (It has since dropped back down to ""substantial"", the third highest of five.)
The next year, 2010, AQAP tried again, smuggling bombs onto the cargo holds of planes hidden inside printer ink toner cartridges.
The intended destination was America and one device got as far as the UK's East Midlands airport. The plot was thwarted at the last minute by a tip-off from a Saudi informer inside AQAP, but the group has promised to keep trying.
Since then AQAP's leaders have come under continual attack from unmanned US Reaper drones or UAVs, losing several top operatives, including their deputy leader, Saeed al-Shihri, and the influential English-speaking propagandists Anwar al-Awlaki and Samir Khan.
According to the US think-tank the New America Foundation, US drone strikes in Yemen have soared, from 18 in 2011 to 53 in 2012.
A drone strike on Tuesday reportedly hit a car carrying four al-Qaeda operatives.
In Yemen, the US drones are deeply unpopular, sometimes hitting the wrong targets and wiping out whole extended families.
Human rights groups have branded them as a form of extra-judicial killing. Local tribes also view them as an insulting infringement of national sovereignty.
But US and Yemeni officials argue that in the wilder, more remote parts of the country, including Shabwa, Marib and Abyan provinces, targeting from the air based on tip-offs on the ground is their only means of stopping those plotting fresh attacks.","Whatever plot the US eavesdroppers overheard the top two al-Qaeda leaders discussing clearly rattled the US intelligence community so badly that Washington shut 19 of its diplomatic missions around the Middle East, Asia and Africa."
42,"Two cars were damaged in the incident in the Nursery Drive and Parkhead area of Newry on Friday night.
Assistant Chief Constable Stephen Martin said he was a ""appalled by mindless attacks on PSNI officers and the Newry community"".
A post on the PSNI Newry & Mourne Facebook page said that police were ""carrying out duties"" when attacked.
It added: ""We would also appeal to parents to know where their children are and what they are doing.""",Police have been attacked in County Down by up to 30 young people throwing stones.
43,"Both sides remain in qualifying places with Essex top on run-rate and Glamorgan in third.
Essex make one change with Jamie Porter replacing Matt Quinn in their seam attack., while Glamorgan are unchanged.
Glamorgan won the toss and captain Jacques Rudolph chose to bat first on a cloudy afternoon.
Both teams face a hectic schedule of five limited-overs games in a week, as the One-Day Cup and T20 Blast groups both reach their climax.
Essex lost to Surrey by 66 runs despite 131 from Jesse Ryder, while Glamorgan went down by 33 runs away to Somerset,  in their previous matches.
""Though we're still in the top four, a win (over Somerset) would have set us on the way to a quarter-final- we want to win every game"" Glamorgan fast bowler Michael Hogan told BBC Wales.
Essex coach Chris Silverwood told the club's website ""The players know they have to bring consistency to their game,  if we are to ensure Essex are in the quarter-finals of both white-ball competitions, and we need to start with a win against Glamorgan.""
Glamorgan won the 2015 match in Cardiff by 146 runs, with Colin Ingram hitting 130.
Essex : Browne, Westley, Ryder, Bopara (c), Lawrence, ten Doeschate, Foster, Zaidi, Napier, Masters, Porter.
Glamorgan: Lloyd, Rudolph (c), Bragg, Ingram, Donald, Wallace, Wagg, Meschede, Salter, van der Gugten, Hogan.",Essex and Glamorgan will be looking to recover from defeats as they meet at Chelmsford in the One-Day Cup.
44,"In the Hautes Alpes, they are currently feeding beneath ski lifts on slopes that will soon be covered by a thick layer of snow.
But this year the freedom to roam has been curtailed. Somewhere in the dark, dense forests a grey wolf is on the prowl.
The wolf was hunted almost to extinction in France in the 1930s but, protected as an endangered species, it is making a surprising comeback.
Some 200 wolves have colonised the southern regions of France, divided into about 20 packs. They are believed to have crossed from Italy in the mid-1990s and they are moving ever further north.
Lionel Serres has 250 sheep on the mountainside this summer. Each night he pens them in behind electric fences. But the wolf is a cunning predator and so far it has killed 17 of his ewes, while 10 more are missing.
Sheep spooked
On the day we met, he was busy trying to recover an ewe that had been grabbed by a wolf around the neck. Its fleece was matted, thick with blood.
""We have had lots of dead and injured sheep,"" said Lionel. ""The flock is in a pretty sorry state. Some are lame, they are stressed, and some are so frightened they have miscarried lambs.""
At night the wolf will circle the pens until the sheep are spooked into jumping the electric fences.
And so costly are these losses that in recent weeks Mr Serres has been forced to hire another shepherd, who will sleep alongside the sheep at night.
He is not the only one with concerns. So angry are the farmers in this region, that on the road to Hautes Alpes, in south-eastern France, on the border with Italy, there are huge signs painted on the road - ""NO to the wolf.""
Two hundred wolves might not sound like a huge problem. But this year there have been almost 600 attacks in which more than 2,000 sheep have been killed. That constitutes a rise of 20% on the same period last year.
So, under pressure from farmers and faced with an increasing number of attacks, the local prefect has finally ordered a hunt for one individual wolf thought to be doing much of the damage.
Since an anti-hunting code was agreed in 2004, only four wolves have been killed in France. Under the present rules, the wolf can only be shot legally by government marksmen or by shepherds trained and licensed to defend their flocks.
Remy Saunier, the chief wolf catcher for the area, is now sending small, nightly patrols into the mountains.
'Mystical animal'
""The wolf will always take the easiest prey,"" he said. ""If it's easy he comes back, and that's what he's done here, every other night. We have tried to scare it with lights and noise but it returns. It is only our presence in these mountains that are limiting the wolf attacks.
""Most people in France have welcomed the return of the wolf. It is a beautiful, mystical animal. But if these people woke in the morning to find their flock decimated, they might change their opinion.""
Critics say there is no evidence wolf attacks are out of control and they blame some of these sheep deaths on wild dogs. Moreover, as farmers receive 130 euros (£115; $190) in compensation for every sheep killed by a wolf, critics claim there is an incentive to exaggerate the problem.
Jean-Francois Darmstaedter, the secretary general of Ferus, a French wolf protection agency, says the shepherds need to work harder to protect their sheep - though some shepherds, he points out, are wolf supporters.
""Remember there are eight million dogs in France and 200 wolves,"" he said.
""And I would bet there are more dog attacks in these mountains than wolf attacks. In this small region here we have a pack of 15 wolves, and something like 8,000 wild dogs. They aren't always in the mountains, but when they are, they cause a real mess.""
'Heading for Paris'
Mr Darmstaedter questions why the wolf has inspired such opposition in France. In neighbouring Italy, he says, pack numbers are three or four times as big.
But then, the wolf has always provoked fear. In the 17th Century, so afraid were they of wolves, mostly rabid wolves, they were cursed in Gallic folklore by the story of Little Red Riding Hood.
At a fair in Marvejols, further to the west, wolf expert Jean-Marc Moriceau is plugging his latest book, titled Man Against the Wolf.
""The wolf is a successful predator,"" he said. ""It can move huge distances in search of food. And we can safely assume that in 15 or 20 years' time, if no measures are put in place, then it's possible we will see one or two wolves hunting in the forests 80km to 100km [50-60 miles] south of Paris.""
Some say the expanding nature of the wolf's habitat will require that more controls are implemented - in France they are calling for a ""wolf parliament"", in which farmers, supporters, and politicians can all have their say.
But the forests south of Paris are probably the grey wolf's limit. Western and northern France are no longer wooded or wild enough to sustain them - which means those who live in Paris, at least, can sleep easily in their beds.",In the summer months high on the French Alps the sheep graze on rich pastures.
45,"The  
          Lancet Oncology
 review, which looked at incidence rates for 27 cancers in 184 countries, found four main infections are responsible.
These four - human papillomaviruses, Helicobacter pylori and hepatitis B and C viruses - account for 1.9m cases of cervical, gut and liver cancers.
Most cases are in the developing world.
The team from the International Agency for Research on Cancer in France, part of the World Health Organization, says more efforts are needed to tackle these avoidable cases and recognise cancer as a communicable disease.
'Preventable'
The proportion of cancers related to infection is about three times higher in parts of the developing world, such as east Asia, than in developed countries like the UK - 22.9% versus 7.4%, respectively.
BBC Health: In depth - cancer
Nearly a third of cases occur in people younger than 50 years.
Among women, cancer of the cervix accounted for about half of the infection-related cancers. In men, more than 80% were liver and gastric cancers.
Drs Catherine de Martel and Martyn Plummer, who led the research, said: ""Infections with certain viruses, bacteria, and parasites are some of the biggest and preventable causes of cancer worldwide
""Application of existing public-health methods for infection prevention, such as vaccination, safer injection practice, or antimicrobial treatments, could have a substantial effect on the future burden of cancer worldwide.""
Vaccines are available to protect against human papillomavirus (HPV) - which is linked to cancer of the cervix - and hepatitis B virus - an established cause of liver cancer.
And experts know that stomach cancer can be avoided by clearing the bacterial infection H. pylori from the gut using a course of antibiotics.
Commenting on the work, Dr Goodarz Danaei from Harvard School of Public Medicine in Boston, the US, said: ""Since effective and relatively low-cost vaccines for HPV and HBV are available, increasing coverage should be a priority for health systems in high-burden countries.""
Jessica Harris of Cancer Research UK said: ""It's important that authorities worldwide make every effort to reduce the number of infection-related cancers, especially when many of these infections can be prevented. In the UK, infections are thought to be responsible for 3% of cancers, or around 9,700 cases each year.
""Vaccination against HPV, which causes cervical cancer, should go a long way towards reducing rates of this disease in the UK. But it's important that uptake of the vaccination remains high. At a global level, if the vaccine were available in more countries, many thousands more cases could be prevented.""","One in six cancers - two million a year globally - are caused by largely treatable or preventable infections, new estimates suggest."
46,"Media playback is not supported on this device
The Foxes beat Hull 3-1 on Saturday and have won both of their games under Shakespeare since Ranieri's sacking.
""Suddenly he wants to be a manager. It doesn't sit that comfortably with me,"" Keown said on Match of the Day.
""If you're assistant manager to Ranieri and he's walked, why is it you suddenly want to be the manager?""
Shakespeare, 53, has never managed full-time and was brought to Leicester by Ranieri's predecessor Nigel Pearson.
He says he expects to speak with the Leicester hierarchy about his future next week.
""You have personal ambition, but I think it's almost out of order that he wants to jump in for that job,"" said Keown.
""Surely they'll go for a manager who is bigger with more experience.""
Former Liverpool midfielder Danny Murphy added: ""While Craig Shakespeare is winning, leave him in charge. Why change? Let him carry on.""
Speaking after his side moved five points clear of the relegation zone, Shakespeare said: ""My remit was to win these two games and that's what we've done,"" he said.
""The owners will make a decision for the good of the club and until I talk to them I don't know what that will be. But as I have said previously, I'm comfortable with that.
""I can't control it and there's no point worrying about it.""
Leicester had not scored a league goal in 2017 until Shakespeare took charge, but have now scored six in two games - twice as many Premier League goals as they did in their last 10 matches under Ranieri.
Shakespeare has never managed a club before but has a long association with the Foxes.
The Englishman was assistant manager to Nigel Pearson for two years from 2008, following Pearson to Hull in 2010 before they both returned to Leicester a year later.
Following Pearson's sacking in 2015, Shakespeare remained at the club as Ranieri's assistant.
Leicester are believed to have spoken to a number of potential candidates to replace Ranieri, but could also consider giving Shakespeare the job until the end of the season.
The Foxes have held informal discussions with former England boss Roy Hodgson.
The 69-year-old has been out of work since leaving the international set-up after the Three Lions lost to Iceland at Euro 2016.
Pearson, who saved Leicester from relegation in 2014-15, has also been linked with a return.","Leicester City caretaker boss Craig Shakespeare is ""out of order"" for wanting to replace Claudio Ranieri, says ex-Arsenal defender Martin Keown."
47,"The 22-year-old former Wales Under-20 international made his Dragons debut at 17, making him the youngest player to ever represent the region.
He will fill the gap left by Micky Young and Peter Stringer, who will leave the club in the summer.
Evans will compete for a place in Bath's side with Chris Cook, Will Homer and new arrival Niko Matawalu.
""Having known Jonny since he was a youngster and seen his development for myself, I know he'll fit right in here,"" said Bath coach Darren Edwards, who worked with Evans at Dragons and with Wales U20s.
""He brings a spark to the game and he's very much at an exciting stage of his career. He's joining a club that has a fantastic forward pack and he'll thrive on playing off such a strong platform.""",Bath have agreed a deal for Newport Gwent Dragons scrum-half Jonathan Evans for next season.
48,"The apparent breakthrough came amid fresh US air strikes on Islamic State (IS) positions. Fifteen IS fighters are said to have been captured.
The UK, France and Australia joined the US in dropping humanitarian aid.
Some 15,000 minority Shia Turkmen in Amerli have been surrounded by Islamic State militants for two months.
Military sources told the BBC's Jim Muir, who is a few miles from Amerli, that the Iraqi Army and volunteer militia entered the town on Sunday and had broken the siege.
However Amerli remains dangerous because of roadside bombs left behind by IS militants, our correspondent says.
No-one here seems to be in any doubt that the combination of forces backed up by Iraqi government air power has in fact broken the siege.
There is a lot of celebration here, including gunfire. We cannot go into the town yet as the Islamists have left lots of booby traps and bombs.
The situation inside is said to be dire because Amerli has been cut off for two months.
However, what we're told from recent figures is that the number of civilians there is much fewer than thought. We were told 15-16,000, but now perhaps 2,500 remain. Many of those are now fighters, having taken up arms.
So there might not be as many desperately needy people as first thought.
The US military confirmed it had carried out two further air strikes on Sunday. One was near the Mosul Dam and had destroyed an IS armed vehicle. The other was near Amerli, where an IS tank was damaged.
The strikes brought the overall total by US Central Command across Iraq to 120.
Earlier, Australian Prime Minister Tony Abbott announced that his government would join other Western countries in arming the Kurds - sending rocket-propelled grenades, mortars and assault rifle ammunition.
""None of us want to get involved in another Middle Eastern war, but it is important to do what reasonably can be done to avert potential genocide,"" Mr Abbott said.
The operation to reach Amerli began on Saturday when an alliance of Iraq government forces, Shia militias and Kurdish Peshmerga began a two-front attack on IS positions.
US and Iraqi planes provided air cover overnight.
Reports described it as the biggest military operation since IS began making major gains in Iraq in June.
""Security forces and militia fighters are inside Amerli now after breaking the siege and that will definitely relieve the suffering of residents,"" Adel al-Bayati, mayor of Amerli, told Reuters.
One resident of Amerli, Amir Ismael, told Reuters by phone: ""I can see the tanks of the Iraqi army patrolling Amerli's street now. I'm very happy we got rid of the Islamic State terrorists who were threatening to slaughter us.""
The UN had expressed fears there could be a massacre if IS took the town, which lies in Kurdish-controlled Iraq.
IS has been accused of atrocities in areas of Iraq and Syria under its control.
The jihadists see the Shia Turkmen in Amerli as apostates.
Islamic State has seized large swathes of territory in Iraq and Syria in recent months, including Iraq's second city, Mosul.
Pledging allegiance to their leader, Abu Bakr al-Baghdadi, the jihadists have imposed a harsh form of Islamic rule in areas under their control.
The group has declared a new caliphate, or Islamic state ruled by a religious leader, and Abu Bakr al-Baghdadi has announced himself as caliph.
The IS ideology has attracted would-be jihadists from a number of Western nations, including the UK, and has spread its message aggressively on social media, often posting gruesome pictures of beheadings and mass killings.
The group responded to the US beginning air strikes against it by killing the American journalist James Foley.","Iraqi forces have reached the besieged town of Amerli in northern Iraq, where thousands have been trapped by jihadists, military officials say."
49,"The 19-year-old man was arrested after the incident at Killylea Road during the early hours of Tuesday.
He was detained on suspicion of possessing an offensive weapon and criminal damage.
The teenager has since been released on bail pending further inquiries.","A Samurai sword and an axe have been seized by police and a teenager has been questioned after officers were called to a ""disturbance"" in Armagh."
50,"The theft happened outside St John's Kirk in St John's Place in the city before 23:30 on Monday.
It was the second time the life-sized doll had been stolen from the nativity scene in the past two years.
Police Scotland said three males would be reported to the procurator fiscal in due course.
Anne Chat, who serves as an elder at the church and also works as a volunteer, said after the theft: ""Last year someone stole the doll from the display too, but it turned up again a while later.
""It just seems to be something that people do these days, it's a shame.""
Mrs Chat said the nativity had been put in place by the locals on Saturday evening after a lantern procession attended by about a hundred people and a pipe band.",A life-sized baby Jesus which was stolen from a nativity display at a church in Perth has been found.
51,"The Slovenian club has knocked Hibernian, Rangers and Celtic out of Europe in recent seasons.
Yet McInnes is adamant that his players are not fearful of the quality of the opposition or their record.
""We're not daunted by it,"" McInnes said. ""We're confident in our ability to get the right result.""
Aberdeen's manager has told fans to expect an assertive first-leg display on Thursday and urged them to back the team.
""We've learned over the last few seasons to deal with European football,"" McInnes continued.
""I like the technical and tactical part of it. Our supporters should expect to see a confident Aberdeen team.
""They are favourites, we're the underdogs, but we were underdogs against Riejka [last season], we were underdogs against Groningen [in 2014].
""They'll take confidence from their recent history, and not just against Scottish teams.
""We want to represent ourselves first and foremost, get the reputation of our club at the forefront of people's minds, and help Scottish football at the same time.
""Those first two rounds always have trepidation about them, because players aren't fully up to speed, they're playing against teams that are relatively unknown and there's pressure in that.
""We've now come out the other side of those ties and we're now the underdogs going into this game. I'm happy to deal with the favourites tag and happy to deal with the underdogs tag.""
McInnes warns that Maribor will be accomplished and dangerous opponents in the first leg of the third qualifying round tie on Thursday at Pittodrie.
He will send his side out in search of a victory, but also with the awareness that the contest can be won in Slovenia on away goals, so keeping a clean sheet is important.
""What was telling from [Maribor's win over Levski Sofia in the last round] was their maturity and calmness, even when they went behind they kept playing their game,"" McInnes said.
""That comes from playing European football and they look like a team confident within their shape. They've got a way of playing, very well organised, and the refusal to panic when they went behind has got them through into this tie.
""They play 4-4-1-1, they can play a bit deeper and they counter-attack quickly. We need to be aware of that and recognise the areas where we want to play and look after the ball, especially against a team that is quick to get forward.
""We want to win the game at home, [but] it's important we still have a result going over to Maribor.
""Ideally we want to impose ourselves and get that balance between attacking and defending right, but we don't want to be giving ourselves a mountain to climb by losing goals at Pittodrie.""",Derek McInnes believes Aberdeen have the confidence and experience to overcome being underdogs against Maribor in the Europa League.
52,"The 27-year-old still had two years left on his existing deal but he has now committed himself to New Road for another season.
He is the ninth player in five months to sign a new deal with Worcestershire, who will be back playing in County Championship Division Two in 2016.
""It was very pleasing to see the other contract extensions,"" said Shantry.
""It shows the level of morale at the club, even though we had a difficult year in Championship cricket. We've got a group of players here that are only going to improve.""
Shantry, Ed Barnard, Joe Clarke, Brett D'Oliveira, Tom Fell, Joe Leach and Charlie Morris have all signed for three years, England Lions man Ross Whiteley has signed for four years and Tom Kohler-Cadmore has agreed a two-year deal.",Worcestershire left-armer Jack Shantry has signed a contract extension with the relegated county until 2018.
53,"They were among four people who were on Irish Coastguard Rescue 116 helicopter when it crashed on Tuesday.
The funeral for pilot Captain Dara Fitzpatrick was held on Saturday.
The search, which has been impeded by adverse weather, will also focus on finding the wreckage of the helicopter.
The priority for those involved in the multi-agency operation has been to recover the bodies of chief pilot Mark Duffy and winchmen Paul Ormsby and Ciarán Smith.
Heavy swells have so far prevented those involved from getting near to the site where a signal from the helicopter's black box was located close to Blackrock Lighthouse.
Search crews hope the missing crew will be located in the wreckage of the helicopter.
The Commissioners of Irish Lights ship Granuaile left Galway on Saturday evening after being loaded with specialist equipment, including a Remotely Operated Vehicle (ROV) that could be used to access difficult to reach undersea areas.
The vessel is equipped with a 20-tonne crane, which could be used to lift wreckage from the sea bed.
A surface water search resumed on Sunday morning involving coastguard units, the RNLI and Irish naval ship LÉ Eithne in addition to extensive coastline searches at Belmullet and Achill.
Naval divers are on standby and will be deployed as soon as conditions permit.
Captain Fitzpatrick was recovered from the sea, hours after the helicopter crashed in the early hours of Tuesday morning.
She was the mother of a young son and the most senior pilot with CHC which runs the contract to provide search and rescue services in the Republic of Ireland.
Hundreds of mourners attended her funeral at St Patrick's Church in Glencullen, County Dublin.
Members of the Irish coastguard formed a guard of honour and the coastguard helicopter did a fly-past.",A ship with specialist equipment has arrived at Blacksod Bay off the County Mayo coast to assist in the search for three missing Irish coastguard members.
54,"He told a rally in Columbus, Ohio, that he had heard ""more and more"" that the contest would be unfair. He offered no immediate evidence.
At another event he called Democratic rival Hillary Clinton ""the devil"".
Mr Trump has come under fire from across the political divide for remarks he made about the parents of a US Muslim soldier killed in action.
On the forthcoming vote, he told supporters ""I'm afraid the election is going to be rigged, I have to be honest"".
He later repeated the claim on Fox News, adding ""I hope the Republicans are watching closely or it's going to be taken away from us."".
Mr Trump has made similar comments before in relation to the Democratic race, suggesting the party fixed its system to favour nominee Hillary Clinton over her challenger Bernie Sanders.
Earlier this year, he also complained the Republican primary system was also ""rigged"" amid party efforts to stop his march to the candidacy.
Correspondents say Mr Trump could be trying to capitalise on voters' distrust of establishment institutions, or lay the groundwork should he lose the election.
At another rally in Pennsylvania, he took the unprecedented step of directly calling Mrs Clinton ""the devil"".
He attacked Mr Sanders for capitulating in the Democratic race, saying he ""made a deal with the devil. She's the devil.""
Democrats and Republicans alike have condemned Mr Trump for his remarks about the parents of US Army Capt Humayun Khan, who was killed by a car bomb in 2004 in Iraq, at the age of 27.
Former Republican presidential candidate John McCain became the latest senior figure in the party to criticise Mr Trump for his attacks.
Senator McCain, a veteran of the Vietnam War, said in a strongly worded statement that Mr Trump did not have ""unfettered licence to defame the best among us"".
The soldier's parents, Khizr Khan and his wife Ghazala, told the BBC it was time to stand up to Mr Trump but he accused them of ""viciously"" attacking him.
Mr Trump had caused controversy by suggesting Ghazala Khan had been prevented from speaking alongside her husband at the Democratic convention last week.
In another development, American billionaire businessman Warren Buffett challenged Mr Trump to release his tax returns.
Mr Trump has said that they cannot be made public until the financial authorities have completed an audit.
But Mr Buffett said there were no rules against showing tax returns and allowing people to ask questions about them.","Republican presidential nominee Donald Trump has suggested that the November election could be ""rigged""."
55,"The Harry Potter star has been praised for his latest role in Rosencrantz and Guildenstern are Dead at London's Old Vic.
Tom Stoppard's comedy, first performed in 1966, centres around two minor characters from Hamlet.
""My knowledge of Shakespeare is pretty limited,"" Radcliffe told the BBC after Tuesday's opening night.
""In this company, we've been talking about Hamlet a lot. And I am by far one of the least educated people on Shakespeare and Hamlet.""
The 27-year-old actor said he didn't want to tackle a Shakespearean role for the sake of it.
""I never want to be feeling like I want to do that role so I can tick it off a list.
""There has to be something about the role or production that feels vital, that I feel I could bring something to.
""With Hamlet, there's a part of me that says I've seen Jude Law and Ben Whishaw do this and they were great. I don't know what I would bring to it.""
He added with a laugh: ""You can throw this quote back at me in a few years when I'm playing Hamlet!""
Radcliffe's previous stage plays include Equus, Privacy and The Cripple of Inishmaan. He has also appeared in How to Succeed in Business Without Really Trying, a musical.
In his latest play he plays Rosencrantz opposite Joshua McGuire's Guildenstern, with David Haig on scene-stealing form as The Player.
Directed by David Leveaux, the production comes 50 years after its Old Vic premiere.
Here's how it went down with the critics.
The Guardian's Michael Billington said: ""The cheering fact is that this is a young man's play that still seems sprightly, invigorating and even moving in its preoccupation with the inevitability of death.
""Even if the action briefly stalls in the final third, Leveaux's production keeps the momentum going.""
Writing in The Telegraph, Dominic Cavendish said: ""The pacing is fleet, the timing slick, and memorable moments are in sufficiently plentiful supply.""
He awarded the production four stars, adding: ""In the wrong hands, the combination of existential angst and in-jokiness could become tedious.
""But Leveaux's cast serve the combination of high-brow antics and music-hall larks, the nods to Beckett, the hints of Beyond the Fringe brilliantly.""
The Daily Mail's Quentin Letts praised Radcliffe's performance but was less keen on the play as a whole, awarding the production three stars.
""[Radcliffe] is game to try to escape type-casting by throwing himself into this quasi-Beckett absurdism,"" he writes.
""He is a tidy little stage performer, light on his feet, the voice fluting but clear.""
But, he noted, some Harry Potter fans who have bought tickets may struggle with the play as a whole.
Ann Treneman also praised Radcliffe in her four star review for The Times.
""It's a joy to report that Daniel Radcliffe plays Rosencrantz with all the confidence of a man who has no idea who he is,"" she said.
Rosencrantz and Guildenstern are Dead is at the Old Vic until 29 April.
Follow us on Facebook, on Twitter @BBCNewsEnts, or on Instagram at bbcnewsents. If you have a story suggestion email entertainment.news@bbc.co.uk.",Daniel Radcliffe says he is really keen to be in a Shakespeare play - although he admits he's no expert on the Bard.
56,"The FTSE 250 company said this was due to customers switching less between savings and current accounts because of low interest rates.
The news overshadowed the 16% rise in annual profits to £73.5m that the company reported for 2016.
Another big faller in the FTSE 250 was transport group Go-Ahead.
Its shares dived nearly 14% after the company warned of lower-than-expected full-year profits, partly due to the disruption caused by strikes on Southern rail services.
Go-Ahead owns a 65% stake in Govia Thameslink Railway (GTR), which runs the Southern rail contract.
Half-year profits at Go-Ahead fell 11.7% to £67m, and the company said its results had been ""significantly impacted by a reduction in rail profitability due to losses from our GTR franchise, as a result of ongoing industrial action on Southern"".
The benchmark FTSE 100 index gained ground during the afternoon after spending the morning in the doldrums. At the close, it was up 10.44 points at 7,263.44.
The biggest riser in the FTSE 100 was support services group Babcock, which rose 7.1% after issuing a positive trading update.
On the currency markets, the pound dipped 0.13% against the US dollar to $1.2427 and was 0.4% lower against the euro at 1.1707 euros.",Shares in Moneysupermarket fell more than 6% after the comparison website warned that revenues so far this year were running below last year's levels.
57,"Ronald Dickens, 47, followed a woman in her 20s into Newbold Road in Rugby in November 1985 before dragging her into a lane and raping her.
The incident completely changed her life leaving her wondering for 30 years who assaulted her, police said.
A cold case review using new DNA techniques led to the breakthrough.
Warwickshire Police said its major crime review team identified Dickens, with help from forensic investigators, using techniques not available at the time of the crime.
More updates on this and other stories in Coventry and Warwickshire
Dickens, of Phipps Avenue, Rugby, admitted rape at at Coventry Crown Court on Monday.
Det Sgt Paul Thompson said: ""Ronald Dickens subjected the victim to a horrific attack which has altered the course of her life.
""This incident completely changed her life and she has been looking over her shoulder for the past 30 years not knowing who assaulted her.
He also urged anyone else who has been a victim of a sexual offence to come forward to police to report it.","A man has been jailed for eight years for the brutal rape of a woman in 1985, thanks to advances in DNA and forensic investigations, police say."
58,"Adventures in the Anthropocene is her record of the people and places she encountered on a huge global tour.
The book details how humans are altering the planet, but it also tells the stories of how we are learning to limit and cope with that change.
The Royal Society Winton Prize is worth £25,000 to the winner.
""Anthropocene"" is the word used by many scientists to describe the epoch of humanity's profound influence on the Earth.
There are arguments over when our activities started to distort natural processes, but there is no doubting the effects today.
Pollution, species loss, over-exploitation of water and mineral resources, and of course climate change. The list goes on. This is ""the age we made"".
Gaia knew all the data from her job as a science reporter, but she wanted to see the impacts first-hand. So, she put on hold the nine-to-five existence and bought a one-way ticket to Kathmandu, to start a personal odyssey and directly sample some of the global upheaval.
She expected to be gone no more than six months, but two-and-a-half years later, she and her backpack were still travelling and still talking to people about their experiences.
Adventures in the Anthropocene is not simply a book of doom and gloom. It has many inspiring characters.
These are the individuals with bottom-up approaches to meeting the particular challenges they are facing - like the man making his own glaciers in the Indian Himalayas to store water for his neighbours, or the Belize man who has built an island habitat out of rubbish that he's collected from the sea.
""I really wanted it to be an optimistic book, because I'm an optimist; because we are incredible, we are ingenious, we are this resourceful species,"" she told me.
""So, yes, although we've put ourselves in this position, and are reaching all sorts of crises in various different ways in terms of food, water, energy, etc - we're also very capable of turning things around.
""I met incredible people all around the world who are already doing things for themselves.
""They're not waiting for someone in Berkeley, or Yale, or Oxford to come up with amazing solutions (although perhaps that's where the solutions will come from); they're also coming from the people who are living in conflict with our massive changes. We need to learn from them.""
You can listen to Gaia talk about her book in the audio interview at the top of the page.
And still available to hear online is The Age We Made series of radio programmes that Gaia presented for the BBC World Service.
The four episodes (1, 2, 3, and 4) can also be downloaded as podcasts.
Gaia Vince blogs at Wandering Gaia
Last year's winner was a book called Stuff Matters by Mark Miodownik that explored the importance of modern materials.
The full shortlist for the 2015 prize was:
You can read sample chapters from all the books at the Royal Society website.
Jonathan.Amos-INTERNET@bbc.co.uk and follow me on Twitter: @BBCAmos",The UK's premier prize for science books has been won by Gaia Vince - the first female writer to claim the award outright in its near 30-year history.
59,"Hands shot up in agreement with what, in my humble opinion, was a pretty good case for Yorkshire declaring its immediate independence.
But that was in the 1960s and the average age of those listening at the local schools' debating competition was probably under 15.
We have all grown up a bit since then and so have the arguments and aspirations.
The debate over the past decade has been about whether Yorkshire would be better off if it could take more control from Westminster and Whitehall.
In the shadow of a referendum on independence for Scotland the opportunities for Yorkshire have clearly never been greater.
""Whatever happens in the coming Scottish independence vote, there will be more devolution,"" says Peter Box, the veteran leader of Wakefield City Council and a serious player in the debate.
He is also the chairman of the combined authority which was recently set up with the government's blessing to allow neighbouring councils to take full responsibility for all public investment in road and rail links across West Yorkshire.
But Mr Box is firmly of the opinion that within 10 years Yorkshire will want more.
""The genie is out the bottle, we want more power and I actually believe Yorkshire should be independent,"" he said.
The fledging new political party Yorkshire First is also eyeing events in Scotland.
""Five million Scots should, of course, be represented, but so should other regions,  says its leader Richard Carter.
""Yorkshire has a population of five million, an economy twice that of Wales, but with the powers of neither.""
The government appears to be leaving the door ajar as far as giving limited devolved powers to at least some sort of ""Northern"" political body is concerned.
Over the past few months David Cameron, George Osborne and Nick Clegg have all lugged their soapboxes to Yorkshire promising billions of extra taxpayers' money will be heading ""up north"" accompanied by local autonomy on how it should be spent.
The Labour leader Ed Miliband gave similar assurances as I trailed him around a factory floor near Leeds.
It is over a decade since the last Labour government's proposals for directly-elected regional assemblies for the three northern regions of Yorkshire, the North West and the North East drowned in a sea of public apathy.
""Times have changed,"" I was assured by James Alexander, one of the new generation of senior Labour leaders that have emerged in Yorkshire since then.
""The idea got swamped by arguments over a new tier of government and how much more professional politicians would be paid,"" he told me in an interview for the BBC Look North.
""Now we need a better way of making sure our needs are determined here in Yorkshire and not in Westminster.""
Despite the obvious high-level political support for more devolved powers practical details are scarce.  It is more likely to be channelled through groups of existing bodies such as Local Enterprise Partnerships, city regions or local councils than any new directly elected assembly.
As for my long-forgotten speech calling for independence? Well, it turned out the audience much preferred the ideas put forward by another debater.
He argued Yorkshire folk ought be doing more to join the sexual revolution - well, it was the 1960s.",There were around 100 at the event in Wakefield listening to my passionate speech.
60,"Karam Chand was born in a small rural village in the Punjab in northern India in 1905.
His family worked in farming and, in keeping with the custom of the time, he married at a young age.
His bride Kartari was born in the same district in 1912. According to their passports, that currently makes Mr Chand 106 and his wife 99 years old.
They wed in a typical Sikh ceremony in December 1925 and have just celebrated their 86th year together as a married couple, which they think may qualify them as the UK's longest married husband and wife.
Mr Chand, who came with his family to Bradford in 1965, said there was no real secret to living a long married life.
""Eat and drink what you want but in moderation. I have never held back from enjoying my life,"" he said.
Mr Chand smokes one cigarette a day before his evening meal and also drinks a tot of whiskey or brandy three or four times a week.
His daughter-in-law Rani said it was something he looked forward to.
The couple have eight children, 27 grandchildren and 23 great grandchildren. Many Asian people in the UK live within traditional extended families and the Chands are no exception.
They live with their youngest son Satpal, together with his wife and two of their four children.
""We really feel blessed that our parents are still here with us and every day is a bonus,"" Satpal said.
""I think that keeping the minds of older people active is the key to them staying alert and healthy.
""If you have been given the privilege to look after your parents you must involve them fully in family life and never get angry with them, keep them happy and they will then look forward to getting up the next morning.""
Kartari Chand is looking forward to getting a letter from The Queen later this year when she celebrates her 100th birthday, but is more cautious about staying fit and healthy.
""We have always eaten good wholesome food, there's nothing artificial in our diet but things like ghee (clarified butter), milk and fresh yogurt are what we like.
""We know that being married for 86 years is a blessing, but equally we will be ready to go when it's time, it's all up to the will of God, but we really have lived a good life.""
Mrs Chand said that she and her husband enjoyed doing many things, such as eating meals together and going to the temple.
However, she said some aspects of old age were difficult.
""My eldest son died and that was hard for us because you don't expect to outlive your own children.
""We have seen many other close family members depart and that's something we just have to live with.""
Mr Chand is now unable to walk any distance without assistance and needs a lot more care than his wife, who remains active and still has her own teeth.
She said: ""When you get so old your eyesight and hearing starts to get weaker and you ache more when moving about.
""But considering our age and the hard work we have undertaken during our lives, we're not doing so bad.""
Satpal Chand said he was not sure if his parents were the longest married couple in the UK, but would like to think that they are.
""Breaking records is not so important to us, it's all about living together as one family and respecting each other's values.
""if my mother and father are record breakers then they've made us even more proud of them than we already are.""
""They're such lovely people.""
You can hear more on Asian Network Reports on the BBC Asian Network.",A couple from Bradford who tied the knot in 1925 could be the UK's longest married husband and wife.
61,"West Yorkshire Police said the arrests were made between 30 May and 8 June by targeting known offenders and encouraging people to report abuse.
The force said the campaign was prompted by the ""worryingly high volume of calls"" it received during previous major football tournaments.
During Euro 2012 and the 2014 World Cup domestic abuse calls rose by a third.
The force said it received around 110 calls reporting abuse during each of England's games in those tournaments.
England's first match in Euro 2016 is against Russia in Marseilles on Saturday evening.
Det Supt Darren Minton said: ""With a kick off at 20:00 we expect that many people will be drinking ahead of that time and whilst we want everyone to enjoy the football, we are also aware that during previous tournaments we have seen an increase in domestic abuse.
""Inflamed passions and excess alcohol on a match day or any other day is no excuse for aggressive, controlling or violent behaviour. And any forms of abuse will be met by the full force of the law.""",More than 400 people have been arrested for domestic abuse offences ahead of the Euro 2016 tournament.
62,"Andrew Sleat, 43, of Blackfold Road, Crawley, was also fined £300 at Crawley Magistrates' Court after he was convicted of drinking and driving.
About 20 people were evacuated from their homes after the crash in Ardingly High Street on 14 November.
Sleat's Ford Mondeo also damaged three cars in the village.",A man has been disqualified from driving for 22 months after he crashed his car into a house in West Sussex and caused a gas leak.
63,"Healthwatch England put in a Freedom of Information request and found psychiatric patients now spend six fewer days in hospital than in 2012-13.
The data, from 32 mental health trusts, shows average number of ""bed days"" per patient per year has fallen by 10%.
Healthwatch England says some patients are being discharged too early and without enough support.
Anna Bradley, chairwoman of Healthwatch England, said the findings reflect a troubling picture where patients discharged from hospital often struggle to access crisis treatment at home.
""What is particularly problematic is when people leave institutions, they cannot access the support they need in the community. We have heard of cases where people have taken their own lives. Our concern is that people are being lost between hospitals and community services.""
Latest statistics show that in recent years, the number of suicides of patients being cared for at home has been double that of inpatients.
Prof Louis Appleby, chairman of the National Suicide Prevention Strategy advisory group, says the numbers represent a change in the nature of acute psychiatric care, with treatment increasingly being provided outside hospitals. While many patients prefer care at home, it can also represent a risk.
""The ideological drive towards services in the community and away from beds, can go too far. Eventually that drive crosses a line - and that line is safety. If you combine the ideological drive with pressure on resources, you have a toxic combination,"" he said.
Graeme Price died after jumping from a multistorey car park in July 2013.
He became ill shortly after taking on a new job and was diagnosed with depression and psychosis.
He was admitted to an assessment ward at Bedford Hospital but discharged after three weeks back to the care of the crisis resolution and home treatment team.
His wife, Linda, said: ""They hadn't done a formal care plan to decide what his treatment should be going forward. They just released him.""
Ten days after being discharged, while on a shopping trip with Linda and his daughter Emily, he jumped to his death.
The coroner said he ""required treatment as an inpatient but no bed was available"".
South Essex Partnership University NHS Foundation Trust, which was responsible for Graeme's care said: ""The circumstances surrounding Mr Price's care were thoroughly investigated, robust action was taken to address the issues identified and the learning was shared with clinical teams.""
According to the most recent report from the Chief Medical Officer, Prof Dame Sally Davies, investment in the key community teams set up to replace inpatient care has fallen.
Between 2010-11 and 2011-12, investment across the three priority areas - crisis resolution, early intervention and assertive outreach - fell for the first time, by £29.3m from £520m.
Her annual report notes this is ""significant"" given ""the co-existing reduction in bed availability"".
Chris Naylor, of health think tank the King's Fund, said there is evidence that mental health is underfunded compared with physical healthcare, despite recent government promises to ensure parity of esteem.
""Mental health accounts for about 23% of the burden of disease in England, but it only receives around 11% of the funding.
""If the government is serious about putting mental health care on an equal footing with physical health, then it's going to need a really serious commitment in the next parliament.""
A Department of Health spokesperson said: ""Commissioners are expected to give a real-terms funding increase to mental health this year.
""NHS funding for mental health increased by £300m last year.""","Pressure to free up mental health beds may be leaving vulnerable people at risk, says a watchdog."
64,"Lt Col Lucy Giles, 46, will be at the helm at New College to help prepare young British Army officers for their chosen regiments.
She said: ""I have to pinch myself really, because it's an enormous privilege to be in this unique position.""
The academy was founded in 1947 after two older military institutions merged.
Lt Col Giles from Wincanton, Somerset, will oversee the academic programme and the physical training aspects of the intermediate and senior terms of the course.
The married mother-of-two said: ""It's interesting to see people's reactions in this traditionally male environment. I'm a mother and wife of a soldier, so I am bound by juggling those domestic considerations as well as delivering a day job, so to speak.""
She said she would ""lead by example"" and encourage permanent staff to ""try and make time for their families"".
During her 24-year career Lt Col Giles has led soldiers on operations and deployments in Bosnia, Iraq, Afghanistan, Sierra Leone, East Timor, South Africa and Northern Ireland
She spent two years as the first female Officer Commanding at 47 Air Dispatch Squadron.
She said: ""I like to think I was boarded for this appointment because I had the right key skills, knowledge, and experience to be able to do this effectively, as opposed to me being here because I'm female.
""Although, I recognise that being in this position means I may come across as a role model for our future female officers.""
Famous royals to have trained at Sandhurst include Princes William and Harry.",The Royal Military Academy Sandhurst has appointed the first female college commander in its history.
65,"More than 15,600 bank account numbers and sort codes were stolen, the company said.
Customers should continue to protect themselves from scam phone calls and emails, TalkTalk added.
This week police released a 16-year-old boy on bail who was the fourth person arrested in connection with the hack.
Since news of the cyber-attack emerged, TalkTalk shares have lost about a third of their value.
The firm said 4% of TalkTalk customers have sensitive data at risk. It confirmed that scale of the attack was ""much more limited than initially suspected"".
TalkTalk said:
Customers whose financial details were stolen have been contacted, and the firm will contact other affected customers ""within the coming days"".
The cyber attack on TalkTalk's website happened on 21 October, it added.
Details that TalkTalk previously said had been stolen included names, addresses, dates of birth, telephone numbers and email addresses.
So what can you do to try to protect yourself from danger?
In October, the firm described the attack as ""significant and sustained"", but that it was too early to say which data had been stolen.
It initially said that all of its customers may have been affected, but then reined in its estimate.
Four people have been arrested over the hack so far: a boy of 15 in Northern Ireland, a 16-year-old boy from west London, a 20-year-old Staffordshire man, and a 16-year-old boy in Norwich. All four have been released on bail.","TalkTalk has given more details of the cyber-attack on its website, saying nearly 157,000 of its customers' personal details were accessed."
66,"The duo are the first Robins players to agree to join Guernsey FC since the clubs agreed a partnership deal earlier this week.
They are in Guernsey's squad for the trip to Herne Bay in Isthmian League Division One South.
If the pair play they will become the first non-Guernsey players to feature for the Green Lions.
""We're delighted to help Guernsey by sending Jake and Kodi to them for a month,"" Bristol City director of youth recruitment Brian Tinnion told the Guernsey FC website.
""This forms part of our plans for a bigger partnership with Guernsey. Working with their manager Tony Vance, we're looking to only extend this over time.
""We're already looking at the possibility of a pre-season friendly in Guernsey, potentially with the first team, or a Select XI including our under-23s.""",Guernsey FC have signed Bristol City forward Jake Andrews and defender Kodi Lyons-Foster on month-long youth loans.
67,"A lawyer for the former Cleveland Browns quarterback told the Associated Press news agency that prosecutors had told him a charge was coming.
A Texas grand jury has agreed a misdemeanour assault charge for family violence, the lawyer said.
Colleen Crowley says he confronted her at a Dallas hotel and hit her as they drove back to Fort Worth.
The Class A misdemeanour carries up to one year in jail and a $4,000 fine.
Lawyer Robert Hinton told AP the charge was expected on Tuesday and he expected a judge to set bail.
Despite success playing football as a university student, Manziel - nicknamed ""Johnny Football"" - has struggled with substance abuse and personal issues in the professional league.
Manziel was released from Cleveland Browns in March.",Troubled NFL quarterback Johnny Manziel is expected to be charged over an alleged assault on his ex-girlfriend.
68,"The report contains a bogus poll indicating that President Uhuru Kenyatta will win August's election.
The BBC has urged Kenyans to verify stories by visiting the BBC website.
A recent survey suggested that 90% of Kenyans had seen or heard false news in the run-up to the poll.
Many of the people surveyed felt that some news items had been deliberately misleading.
It also found that while traditional media remained the most trusted source of information, large numbers of people got their news from Facebook and WhatsApp.
The origin of the fake BBC news story is not clear but it began to be shared on WhatsApp on Friday morning.
A fake report made to look as if it came from CNN has also been circulating.
The presidential election on 8 August will see incumbent President Kenyatta run against seven candidates including his main challenger, opposition leader Raila Odinga.",A fake video report about Kenya's election that is made to appear as if it is from the BBC's Focus on Africa programme has been circulating on social media.
69,"Security experts warn that African governments and commercial online services are vulnerable to criminals, who have the potential to disrupt critical infrastructure.
But critics say that these laws could also be used to clamp down on the use of online platforms that promote good governance, express dissent and mobilize citizen engagement.
The measures have not only been implemented in countries known for strict media controls such as Ethiopia, but are also being introduced in democracies such as Kenya and South Africa.
While rising internet use is driving the rapid growth of the digital economy and enhancing access to information and government services in Africa, it has also exposed users to new and sophisticated threats.
The two largest economies in Africa - South Africa and Nigeria - are each estimated to lose $500m (£375m) annually to cyber criminals, according to a 2016 McAfee report.
In addition, African governments are fighting against local and international hacktivist groups who have carried out several disruptive attacks in recent years.
Anonymous Africa claimed responsibility for several attacks that targeted the website of the South African Broadcasting Corporation (SABC) in July over the broadcaster's ban on broadcasting violent protests.
The group also shut down the website of the Zimbabwe's ruling Zanu-PF in support of anti-government protests.
Many African governments have appeared unprepared for these threats and are now racing to tighten their telecom laws.
With social media platforms being used to organise political activity, the continent's political elite seems worried that such platforms could be used to foment revolt.
In the past months, authorities in Uganda, Gabon, Chad, Burundi and Congo-Brazzaville have shut down internet services during disputed elections, raising fears that more governments could take similar measures.
Over the past year, South Africa, Ethiopia, Kenya, Nigeria, Angola, Madagascar and Zimbabwe have passed or proposed stringent laws to fight real and imagined threats.
South Africa has been accused of proposing ""Africa's worst new internet censorship law"".
The draft Films and Publications Amendment Bill seeks to ""protect the public and children"", but critics say its vague language and definitions  will ""stifle the empowering, democratising potential of the internet"" and scare away potential business investors.
In June, Ethiopia passed the Computer Crime Proclamation, which criminalises defamatory speech, spam and pornography, among other offences, with jail sentences of up to 10 years.
Activists say it could also be used to silence government critics, who are reliant on online publishing due to the country's rigid media controls.
In Nigeria, journalists and bloggers have criticised the 2015 Cyber Crime (Prohibition, Prevention, Etc) Act, saying it has been used by politicians to curtail freedom of expression. Two prominent bloggers have been arrested on allegations of ""cyber stalking"" under the Act.
Kenya is preparing legislation to curb cyber crime and regulate social media, and has been accused of plotting to use the law to shut down social media. The government already has a history of going after internet users: Among Kenyan social media users arrested in 2015 was a prominent blogger accused of insulting the president.
Kenyan officials have also blamed ""the spread of hate speech"" on unregulated social media use. The law is expected to be implemented before the August 2017 general elections.
The Zimbabwe government, long intolerant of dissent, is planning to pass a law which has been criticised for banning the use of anti-censorship software. The proposed law also outlaws social media groups based on racial or tribal identity.
Information Minister Supa Mandiwanzira said there was a need to pass laws that protect internet users against defamation and hacking, but the Matabeleland Institute for Human Rights urged parliament and citizens to defend human rights ""as it grossly violates human rights"".
While these laws provide a legal framework to fight cyber crime and control the dissemination of hate speech, they could also provide a basis for authoritarian regimes to intimidate their rivals.
In June, Isaac Habakuk Emily from northern Tanzania was jailed for three years after he was found guilty of insulting President John Magufuli in a Facebook post contrary to the country's CyberCrime Act of 2015. He is said to have referred to the president as an ""imbecile"".
Tanzanian law allows for a minimum fine of 3m shillings ($1,375; £1,000) and minimum jail term of three months for publishing false, deceptive or misleading information on a computer system.
In Zimbabwe, spokesperson for the People First party, Jealousy Mawarire, was last month charged over a tweet accusing Education Minister Jonathan Moyo of financial impropriety.
With the cybercrime bill still in the draft stage, he was charged under the old Posts and Telecommunications Act, which outlaws the sending ""by telephone any message that is grossly offensive or is of an indecent, obscene or threatening character"".
In Nigeria, the Bauchi State authorities arrested Musa Azare, a journalist and blogger in June on allegations of ""cyber stalking"" the governor. This came shortly after another blogger, Abubakar Sadiq, was arrested by the Economic and Financial Commission (EFCC) on similar charges. In both cases, the bloggers were critical of the authorities.
African nations are far from alone in attempts to control the internet. However, stifling discourse as it emerges as a crucial medium on the continent poses worrying questions regarding freedom of speech.
BBC Monitoring reports and analyses news from TV, radio, web and print media around the world. You can follow BBC Monitoring on Twitter and Facebook.","As the mobile revolution continues to drive change across Africa, governments are rushing to introduce legislation to curb cyber crime and to regulate the use of social media platforms."
70,"Oxford University awarded seven honorary degrees, including to Lib Dem peer Shirley Williams, at its annual Encaenia ceremony.
One of the highlights the institution's calendar, the ceremony has changed little since 1760.
It took place in the grand surroundings of the city's Sheldonian Theatre.
An Oxford University college has taken action against a student who wore a Ku Klux Klan hood to a party.
The dean of Christ Church said the student has been banned from future events and must apologise in writing.
The event was held in December 2016 and the college emailed students about the incident on Wednesday, which it called ""deeply regrettable"".
Speaking to the Cherwell university newspaper the student said the costume was intended as satire.
A project to highlight the role of Indian soldiers in World War One is being undertaken by Oxford University.
It is collecting stories from British Asian families ahead of an exhibition.
A total of 1.3 million Indian soldiers served in WWI and more than 74,000 died.
The university is working with The Soldiers of Oxfordshire Museum, which has released photos of Indian men who served with fighters from Oxfordshire and Buckinghamshire.
A 19th Century violin has been taken out of a collection of historic instruments held by Oxford University and sent to a young Syrian musician living as a refugee.
Aboud Kaplo, 14, was forced out of his home in Aleppo and is now living in Lebanon.
Film-maker Susie Attwood came across Aboud and saw his passion for music, but also his lack of an instrument.
An exhibition of work by an influential artist is due to open at Modern Art Oxford.
The posthumous exhibition will feature Restless Image - part of the Tate collection - which shows Rose doing a handstand on Dungeness beach in Kent.
The picture is also part of International Handstand Day, which aims to raise funds for research into Motor Neurone Disease.
Rose died of the illness in 2014.",Here are five stories in Oxfordshire that held your interest this week.
71,"The Chinese-made aircraft went down in the Andaman Sea on 7 June with no survivors.
Investigators found the pilot had lost control after entering thick storm cloud. Ice had formed on the wings and sudden crosswinds had led the plane to stall, state media say.
The disaster is among the worst in the country's aviation history.
The aircraft, a Y-8 transporter made in China, was carrying 14 crew. Most of the passengers were military personnel and family members, including children.
Although it was monsoon season in Myanmar (also called Burma), there were no reports of bad weather at the time.
Communication with the flight was lost half an hour into the short, routine trip.
""The accident occurred due to loss of control after experiencing adverse weather that caused the plane to stall... resulting in a nosedive,"" state media said.
After studying black box data, investigators decided the crash was ""not from any act of sabotage, explosion or engine failure"".
The plane was flying from Myeik to Yangon and the debris was found in the sea off the coastal town of Dawei.
It remains unclear why the pilot flew into the storm, given that weather radar normally allows such clouds to be avoided.
Myanmar has seen a number of aircraft incidents in recent years:","Bad weather caused a military plane to crash in Myanmar last month with 122 people on board, state media say."
72,"As Nadir Ciftci sloped off to Eskisehirspor on loan, fellow forward Colin Kazim-Richards, formerly of Fenerbahce and Galatasaray, arrived from Feyenoord just as his suspension for threatening a journalist came to an end.
Whether or not either Turk will delight enough to be hits with their new clubs, it is another loanee who has the potential to set Celtic Park alight if he lives up to his market value.
Patrick Roberts moved to Manchester City in the summer for about £12m and the 18-year-old winger has 18 months with the reigning Scottish champions in which to prove himself worthy of the fee paid to Fulham.
Kazim-Richards is perhaps even more of a gamble, not only because of his off-field antics but also for a lack of career goals, and steady Erik Sviatchenko is maybe a safer bet to prove worthy of the £1.5m Celtic paid Midtjylland for the Denmark defender.
Celtic might need to squeeze every last pound of value out of their new arrivals to thwart a sustained Aberdeen title challenge that appears to have surprised even those inside Pittodrie.
The Dandies' deadline-day signing of Simon Church on loan from MK Dons means they have a striker hungry for goals to ensure his place in Wales' Euro 2016 finals squad.
However, the Dons may live to regret their bungled attempt to sign Greg Tansey from Inverness Caledonian Thistle in events that left them minus the additional cover in central midfield manager Derek McInnes thought necessary.
While they brought in two replacements, the recall by Liverpool of promising goalkeeper Danny Ward could also prove costly in the long run.
Third-top Hearts made the biggest profit during January as they arranged a deal that should mean they pocket more than £1m for the sale of Osman Sow to Henan Jianye, who also bought Ryan McGowan from Dundee United, as the Chinese Super League begins to flex its financial muscle.
The Edinburgh club have replaced the Swede with Abiola Dauda, a Nigerian striker on loan from Vitesse who has an even more impressive scoring record.
Elsewhere, there was the usual influx and exchange of journeymen pros, with Dundee United failing to make the kind of exciting acquisitions that will transform their fans' hopes into expectation that they can bridge the gaping points gap at the bottom of the table.
In: Aaron Lennox, goalkeeper (Hayes & Yeading). Loan:Simon Church, forward (MK Dons); Adam Collin, goalkeeper (Rotherham United).
Out: Paul Quinn, defender (Ross County). Loan ended:Danny Ward, goalkeeper (Liverpool); Ryan McLaughlin, defender (Liverpool); Josh Parker, midfielder (Red Star Belgrade). Loan:David Goodwillie, forward (Ross County); Scott McKenna, defender (Alloa Athletic); Lukas Culjak, defender (Brechin City); Jamie Henry, midfielder (Arbroath).
In:Colin Kazim-Richards, forward (Feyenoord); Erik Sviatchenko, defender (Midtjylland, £1.5m). Loan: Patrick Roberts, midfielder (Manchester City).
Out: Loan: Nadir Ciftci, forward (Eskisehirspor); Anthony Stokes, forward (Hibernian); Aiden Nesbitt, forward (Partick Thistle); Jack Breslin, defender (Annan Athletic); Colin McCabe, goalkeeper (Stenhousemuir).
In:Darren O'Dea, defender (Mumbai City). Loan:Arturo Juan Rodriquez Perez-Reverte, forward (Cordoba).
Out:Kevin Thomson, midfielder (Hibernian); Gary Irvine, defender (St Mirren). Loan ended: Riccardo Calder, defender (Aston Villa). Loan: Josh Skelly, forward (Arbroath); Sam Dryden, defender (Elgin City).
In:Eiji Kawashima, goalkeeper (Standard Liege). Loan: Riku Riski, forward (Rosenborg); Kyle Knoyle, defender (West Ham United).
Out:John Souttar, defender (Hearts, undisclosed); Ryan McGowan, defender (Henan Jianye, undisclosed); Aidan Connolly, midfielder (Raith Rovers); Marc McCallum, goalkeeper (Livingston); Evan Home, midfielder (Dunfermline Athletic); Scott Smith, midfielder; Scott Lochhead, midfielder. Loan:Charlie Telfer, midfielder (Livingston); Euan Spark, defender (Forfar Athletic); Alistair Coote, midfielder (East Fife).
In: Oumar Diaby, forward (Levski Sofia); Christopher Mandiangu, forward (Eindhoven).
Out: Christian Nade, forward (Dumbarton); Andy Ryan, forward (Forfar Athletic); Jamie Sendles-White, defender (Swindon Town). Loan: Louis Longridge, forward (Raith Rovers); Scott McMann, defender (Clyde).
In:John Souttar, defender (Dundee United, undisclosed); Don Cowie, midfielder (Wigan Athletic); Jon Daly, coach (Raith Rovers). Loan:Abiola Dauda, forward (Vitesse Arnhem).
Out:Osman Sow, forward (Henan Jianye, £1m); Danny Swanson, midfielder (St Johnstone); Scott Gallagher, goalkeeper (Alloa Athletic); Kenny Anderson, midfielder (Waalwijk). Loan:Morgaro Gomis, midfielder (Motherwell); Billy King, midfielder (Rangers).
In:Ryan Williams, midfielder (Brentford); Liam Hughes, midfielder (Cambridge United); Alex Fisher, forward (Torquay United).
Out: Dani Lopez, forward (Arenas). Loan ended: Ryan Christie, midfielder (Celtic).
In:Gary Dicker, midfielder (Carlisle United). Loan:Lee Hodson, defender (MK Dons).
Out:Gary Locke, manager.
In: Loan: Morgaro Gomis, midfielder (Hearts)
Out: Theo Robinson, forward (Port Vale); Craig Reid, defender (Dunfermline Athletic); Dan Twardzik, goalkeeper. Loan ended: Liam Grimshaw, midfielder (Manchester United); Jake Taylor, midfielder (Reading). Loan: David Clarkson, forward (St Mirren); Dylan Mackin, forward (Airdrieonians); David Ferguson, defender (Airdrieonians).
In: Antonio German, forward (Karela Blasters). Loan: Aiden Nesbitt, forward (Celtic).
Out: Ryan Stevenson, midfielder (Ayr United). Loan ended: Robbie Muirhead, forward (Dundee United). Loan: Declan McDaid, midfielder (Cowdenbeath); Michael McMullen, defender (East Stirlingshire); Marc Waters, goalkeeper (Clyde).
In: Paul Quinn, defender (Aberdeen). Loan: David Goodwillie, forward (Aberdeen).
Out: Rocco Quinn, midfielder (St Mirren).
In: Danny Swanson, midfielder (Hearts); Michael Doyle, defender (Alloa Athletic).
Out: Michael O'Halloran, forward (Rangers, undisclosed); Liam Caddis, midfielder (Alloa Athletic); Gareth Rodger, defender (Forfar Athletic). Loan: Brad McKay, defender (Dunfermline Athletic); Ally Gilchrist, forward (Peterhead); Neil Martyniuk, defender (Montrose); George Hunter, forward (Spartans).","Celtic were once again the biggest movers and shakers in the Scottish Premiership during January, finishing with a flamboyant flourish by trading in a moody Turk who has been a flop in Glasgow for a moody Englishman who made his name playing for Turkey."
73,"Mohammed Haji Sadiq denies committing 15 child sex offences over a 10-year period.
Mr Sadiq, from the Cyncoed area of the city, taught Koran Studies at the Madina mosque between 1976 and 2006.
Cardiff Crown Court heard he ""took advantage of his position"".
He is accused of eight offences of sexual assault of a child under 13 by touching and seven offences of indecent assault.
The allegations involve four girls and are said to have taken place between 1996 and 2006 at the mosque, then situated on Woodville Road in the city.
The court heard the girls were aged between five and 11 at the time of the alleged offences.
The jury heard Mr Sadiq would touch the girls in intimate places.
Prosecuting barrister Susan Thomas said one of the alleged victims was told to lay face down on the defendant's lap, while he touched her bottom.
When interviewed by police the defendant said the allegations were made for political reasons within the mosque and that other allegations were for ""financial motivation"".
Mr Sadiq has had no involvement with the mosque since 2006.
The trial is due to last up to 10 days.","An 81-year-old man who taught at a Cardiff mosque created a culture where physical punishment ""was the norm"", a court has heard."
74,"Brian Farrell admitted conspiring to distribute heroin, cocaine and methamphetamine, in March this year.
Silk Road 2.0 was shut down in 2015, following Operation Onymous, raids that targeted almost 400 suspected illicit marketplaces around the world.
At the time, it was generating sales of about $8m (£5.5m) a month and had about 150,000 users.
Ross Ulbricht, who set up the original Silk Road, was sentenced in May 2015 to life in prison on several charges including distributing drugs.
Silk Road 2.0 was a copy of the original site and allowed people to use bitcoins to anonymously buy and sell drugs and other illegal goods and services via the Tor dark web network.
Farrell, who operated online using the alias ""DoctorClu"", had admitted his involvement with the site when prosecutors had been searching his Washington home in 2015, court papers revealed.
Blake Benthall, arrested in 2014, denies creating the Silk Road 2.0 site.",An American who helped run a successor to the Silk Road drug marketplace has been sentenced to eight years in jail.
75,"The Gaia satellite will be sent far from Earth to map the positions of more than a billion stars in our galaxy.
Remarkable sensitivity should also enable the observatory to see hundreds of thousands of new celestial objects, including previously unknown planets.
The main structure of the spacecraft was moved this week from the UK factory where it has been for a year to undergo tests on its propulsion system.
EADS Astrium in Stevenage transported Gaia by road to Ampac-ISP at Aylesbury for checks on its cold gas micro-thrusters.  Once this work is complete, the structure will then go to Astrium's Toulouse, France, facility for final preparations.
The European Space Agency (Esa) satellite is due for launch in 2012 on a Soyuz rocket from the new Sinnamary spaceport in French Guiana.
Gaia is a successor to Europe's Hipparcos space astrometry mission which ran in the late 1980s and early 1990s.  It catalogued more than 100,000 stars in our galaxy.
The new mission is a step change in capability, however.  Its billion-pixel camera system will give scientists an unprecedented 3D map of the sky.
Over a five-year period, it will chart the precise positions, distances, movements, luminosities, and changes in brightness of stars.  These details will unlock new information about the structure, origin and evolution of our Milky Way Galaxy.
And because Gaia will track anything that passes across its field of vision, it is likely also to see countless objects that had hitherto gone unrecorded - such as asteroids, planets beyond our Solar System, and tepid stars that never quite fired into life.
What you see in the image at the top of this page is Gaia's electrical and service module.
This is the part of the satellite that will do all of the ""housekeeping"" in space. It contains elements such as the attitude and orbit control system, the avionics, the computer and data handling subsystems. A large antenna will go underneath the structure to allow Gaia to talk to Earth.
What you do not see here is the payload module that will eventually go on top.  This will be the unit that contains Gaia's telescopes and camera system.
Nor do you see the thermal shield which will open - petal-like - from the underside of the service module to give protection to Gaia's sensitive optics.
""Gaia came to Stevenage about a year ago as a bare structure,"" said the Astrium UK Gaia project manager, Andy Whitehouse.
""Since then we've integrated the propulsion system.  We've built all of that offline and then put it on the structure.  There's a lot of pipework that runs around inside, and the tanks are also inside as well.""
Mark Tomlin, the assembly and integration test manager, added: ""There wasn't much time to bring all this together.  We've done almost 500 welds on the mechanical service module and that's taken us on the order of six months to achieve.  It's been a monumental task.  Each weld has to be X-rayed and cleaned.""
As a lead member state of the European Space Agency, the UK is playing a prominent role on the mission, both scientifically and industrially.
The immense array of camera detectors, or CCDs (charge-coupled devices), is being provided by e2v at Chelmsford.
""The bulk of the work going on here at Astrium UK is on the electrical side, not the mechanical side,"" observed Dr Ralph Cordey, the company's head of science.
""This includes the crucial onboard processing units, which turn the prodigious amounts of data Gaia will get from its CCDs into a data stream that can be sent to Earth.""
Jonathan.Amos-INTERNET@bbc.co.uk",It should be one of the great space ventures of the decade.
76,"Up until 1994 it was ruled by a white minority which enforced a separation of races with its policy called apartheid.
The apartheid government eventually negotiated itself out of power after decades of international isolation, armed opposition and mass protests.
The democratically-elected leadership encouraged reconciliation and set about redressing social imbalances.
Population 50.7 million
Area 1.22 million sq km (470,693 sq miles)
Major languages 11 official languages including English, Afrikaans, Sesotho, Setswana, Xhosa and Zulu
Religions Christianity, Islam, indigenous beliefs
Life expectancy 53 years (men), 54 years (women)
Currency Rand
President: Jacob Zuma
The leader of the ruling African National Congress party, Jacob Zuma, was chosen president by the newly-elected parliament in May 2009.
He has spent his entire adult life since 1959 in the service of the ANC. He joined its armed wing Umkhonto we Sizwe in 1962 and spent ten years in prison for conspiracy to overthrow the apartheid-era government.
After his release he left South Africa and was a leading figure in the ANC abroad until he returned home in 1990 to take part in the talks that brought apartheid to an end.
Mr Zuma has been at the centre of numerous controversies: He was named in a corruption case related to a major arms deal; he said he showered after sex with an HIV-positive woman to reduce his risk of being infected and he was accused of using public funds to make improvements to his private home at Nkandla.
South Africa is the continent's major media player, and its broadcasters and press reflect the diversity of its people.
Established state-run and commercial TV broadcast nationally, and hundreds of thousands of viewers subscribe to satellite and cable. South Africa-based MultiChoice markets satellite pay-TV in dozens of African countries.
Some key events in South Africa's history:
1910 - Formation of Union of South Africa by former British colonies of the Cape and Natal, and the Boer republics of Transvaal, and Orange Free State.
1912 - Native National Congress founded, later renamed the African National Congress (ANC).
1948 - Policy of apartheid (separateness) is adopted when National Party (NP) takes power.
1960 - Seventy black demonstrators killed at Sharpeville. ANC banned.
1976 - More than 600 killed in clashes between black protesters and security forces during uprising which starts in Soweto. The challenge to white rule escalates over the years.
1991-1994 - Negotiated end to apartheid leads to first non-racial elections and formation of a Government of National Unity under Nelson Mandela.
2009 May - Parliament elects Jacob Zuma as president.",South Africa has one of the continent's biggest and most developed economies.
77,"Gary Neville, from Cupar Way, Belfast, raised £930 at a charity fundraising music night he organised last year.
He was prosecuted for failing to give the cash to the Neuroblastoma Children's Cancer charity.
Oscar Knox, a five-year-old boy from Glengormley, County Antrim, died from the rare and aggressive cancer in May.
The child's story captured the attention of the Northern Ireland public as each step of his cancer battle was followed on social networking sites.
Neville's solicitor told the court his 33-year-old client was ""utterly ashamed"" of his actions.
The lawyer said he had got into financial difficulty and was under threat of eviction from his home.
He added that Neville had written a letter of apology to the the Knox family.
Sentencing him to eight months in prison, the judge said it was absolutely shocking he would use circumstances such as a child's death for financial gain.
Neville, who is currently in prison for other offences, was told his term will run concurrently with his sentence.
The Knox family set up the Oscar Knox Appeal and still use the networking sites to raise awareness and funds for organisations helping children with Neuroblastoma.",A disc jockey has been jailed for eight months for stealing money from a children's cancer charity linked to the Oscar Knox appeal.
78,"Tevez, who missed a penalty against Wigan last Saturday, was back on the bench for the midweek Champions League game against Napoli.
Mancini insists that Tevez, who failed to secure a summer move away from the club, must accept the situation.
""In this moment there are players that are better than him but Carlos is here training,"" he said.
""Carlos will have a chance to play. I don't know if he is happy but every player that can't play is not happy. This is normal.
""He will have his moment.""
The form of fellow strikers Edin Dzeko and Sergio Aguero, who have scored six league goals apiece so far this season, mean that the 27-year-old Argentina international's chances have been limited, while Mario Balotelli has also played just one league game.
But Mancini believes his free-scoring side still need to be more ruthless in front of goal than neighbours and arch-rivals Manchester United, who have scored 18 goals - three more than City - in their first four Premier League games.
When City underlined their title credentials with a 5-1 win at Tottenham last month, United bettered them with a 8-2 victory over Arsenal.
Mancini's men impressed again by beating Wigan 3-0 last week, only for United to hammer Bolton 5-0.
The Italian said: ""Man United are a top team - they have been used to winning for a long time. They have strong players.
""When they played against Arsenal, when they scored two or three goals, they continued trying to score.
""We need to have this mentality. If we have a game like Tottenham where we can score, we need to continue to try to play.""",Manchester City manager Roberto Mancini says Carlos Tevez must wait for his chance to get back into the team.
79,"The conference, organised by Mankind Initiative and held at the Keepmoat Stadium, was chaired by former abuse victim Ian McNicholl.
His ex-girlfriend is serving a seven year prison sentence for GBH and assault.
Mankind Initiative said men too often are ""too ashamed"" to report abuse.
Mr McNicholl, 52, from East Yorkshire, said: ""Far too many men feel they're to blame, they're weak and they're alone often because they do not think there is support for them.
""We aim to change that so no man suffers in silence and realise they can escape and rebuild their lives.""
Mankind Initiative said male domestic abuse figures are particularly high in South Yorkshire.
In the last three years, police received 19,459 calls from men but the charity said the real figures are likely to be higher because of under-reporting by men.
Mr McNicholl, who was in an abusive relationship for 18 months, said:
""By the time I was rescued by police I had a fractured skull, multiple fractures to my cheekbone, I've had the septum on my nose replaced, I have a scar from an assault with a steam iron.
""It almost took my life. She told me in her last assault she was going to kill me. I was also on the point of suicide.""
He said he did not report it earlier because he feared for his life and was ""emotionally and physically ground-down"".
130 delegates from around the country attended the conference.
Mankind Initiative said men often do not report abuse because they feel ""embarrassed"", feel it ""undermines their identity as a man"" and ""fear they won't be believed.""","One in five domestic violence victims in Yorkshire are men, according to a charity holding a conference in Doncaster."
80,"Ed Snowden, a 29-year-old former technical worker for the CIA, has since revealed himself to be the source of the leaks in an interview with the Guardian news website.
US director of national intelligence James Clapper described the leaks as ""extremely damaging"" to national security, but Mr Snowden said he had acted because he found the extent of US surveillance ""horrifying"".
What could the US government see?
According to the documents revealed by Ed Snowden, the US National Security Agency (NSA) has access on a massive scale to individual chat logs, stored data, voice traffic, file transfers and social networking data of individuals.
The US government confirmed it did request millions of phone records from US company Verizon, which included call duration, location and the phone numbers of both parties on individual calls.
How much do the spooks know?
Why every call matters
What can you learn from phone records?
According to the documents, Prism also enabled ""backdoor"" access to the servers of nine major technology companies including Microsoft, Yahoo, Google, Facebook, PalTalk, AOL, Skype, YouTube and Apple.
These servers would process and store a vast amount of information, including private posts on social media, web chats and internet searches.
All the companies named have denied their involvement, and it is unknown how Prism actually works.
National Security Agency (NSA) Director Keith Alexander said that the eavesdropping operations have helped keep Americans secure - yet cannot provide details. ""If we tell the terrorists every way that we're going to track them, they will get through and Americans will die,"" he said
Some experts question its true powers, with digital forensics professor Peter Sommer telling the BBC the access may be more akin to a ""catflap"" than a ""backdoor"".
""The spooks may be allowed to use these firms' servers but only in respect of a named target,"" he said.
""Or they may get a court order and the firm will provide them with material on a hard-drive or similar.""
What about data-protection laws?
Different countries have different laws regarding data protection, but these tend to aim to regulate what data companies can hold about their customers, what they can do with it and how long they can keep it for - rather than government activity.
Most individual company privacy policies will include a clause suggesting they will share information if legally obliged - and include careful wording about other monitoring.
Facebook's privacy policy, for example, states: "" We use the information [uploaded by users] to prevent potentially illegal activities"".
Are we all being watched?
The ways in which individual governments monitor citizen activity is notoriously secretive in the interests of national security, and officials generally argue that preventing terrorism over-rides protecting privacy.
""You can't have 100% security and also then have 100% privacy and zero inconvenience,"" said US President Barack Obama, defending US surveillance tactics.
Senator Dianne Feinstein, chairwoman of the Senate Intelligence Committee, said that phone records were only accessed by the NSA in cases where there was reason to suspect an individual was connected with al-Qaeda or Iran.
Speaking to the BBC UK Foreign Secretary William Hague said that ""law abiding citizens"" in Britain would ""never be aware of all the things... agencies are doing to stop your identity being stolen or to stop a terrorist blowing you up"".
Does it make a difference which country you live in?
User data (such as emails and social media activity) is often not stored in the same country as the users themselves - Facebook for example has a clause in its privacy policy saying that all users must consent to their data being ""transferred to and stored in"" the US.
The US Patriot Act of 2001 gave American authorities new powers over European data stored in this way.
This method of storage is part of cloud computing, in which both storage and processing is carried out away from the individual's own PC.
""Most cloud providers, and certainly the market leaders, fall within the US jurisdiction either because they are US companies or conduct systematic business in the US,"" Axel Arnbak, a researcher at the University of Amsterdam's Institute for Information Law, told CBS News last year after conducting a study into cloud computing, higher education and the act.
""In particular, the Foreign Intelligence Surveillance Amendments (FISA) Act makes it easy for US authorities to circumvent local government institutions and mandate direct and easy access to cloud data belonging to non-Americans living outside the US, with little or no transparency obligations for such practices - not even the number of actual requests.""
Are other governments involved?
UK Foreign Secretary William Hague has so far refused to confirm or deny whether British government surveillance department GCHQ has had access to Prism.
It is not known whether other governments around the world have been either aware of or involved in the use of Prism, which is reported to have been established in 2007.
In a statement, the EU Justice Commission said it was ""concerned"" about the consequences of Prism for EU citizens and was ""seeking more details"" from the US authorities.
""Where the rights of an EU citizen in a Member State are concerned, it is for a national judge to determine whether data can be lawfully transmitted in accordance with legal requirements (be they national, EU or international),"" said a spokesperson for Justice Commissioner Vivane Reding.
What does this mean for internet use?
William Hague insists that law-abiding citizens have nothing to worry about, and there is no legal way of ""opting out"" of monitoring activity carried out in the name of national or global security.
However privacy concerns about information uploaded to the internet have been around for almost as long as the internet itself, and campaign group Privacy International says the reported existence of Prism confirms its ""worst fears and suspicions"".
""Since many of the world's leading technology companies are based in the US, essentially anyone who participates in our interconnected world and uses popular services like Google or Skype can have their privacy violated through the Prism programme,"" says  Privacy International on its website.
""The US government can have access to much of the world's data, by default, with no recourse.""
Edward Snowden, the source of the leaked documents, said he had acted over concerns about privacy.
""I don't want to live in a society that does these sort of things… I do not want to live in a world where everything I do and say is recorded,"" he told the Guardian.","Both international governments and the world's biggest tech companies are in crisis following the leaking of documents that suggest the US government was able to access detailed records of individual smartphone and internet activity, via a scheme called Prism."
81,"The social network has been using artificial intelligence software to scan satellite imagery and identify human-built structures.
It hopes to use the information to determine where internet-beaming drones would best be deployed.
But it suggests others could also make use of the maps.
""We believe this data has many more impactful applications, such as socio-economic research and risk assessment for natural disasters,"" Facebook said in a blog.
One expert raised concerns.
""I am torn in my reaction between excitement at the technical innovation and concern about the public policy issues,"" said  Emily Taylor, an associate fellow at the Chatham House think tank.
""This takes knowing your customers to stalker-like levels.""
But the British Red Cross charity said the initiative could potentially help it locate vulnerable communities.
Facebook first detailed its work on the mapping project last year, in a briefing about its Aquila drones.
At the time, the social network's engineering chief, Jay Parikh, said the technology could spot structures as small as a tent.
He said the population maps it produced were many times more detailed than those of an alternative scheme co-ordinated by Columbia University, the Gridded Population of the World (GPW) project, which seeks to collate existing data.
""You look at the Middle East, and all of a sudden there are big splotches,"" he said of the GPW's maps.
""Your intuition says that's probably not how people are distributed in terms of living.
""We can be much more precise and exact [with our] fine grain level of information.""
In its update - released to coincide with the Mobile World Congress tech show - Facebook said it had analysed 14.6 billion satellite images covering 20 countries. This had resulted in 350TB of data.
""Our final data set has a spatial resolution of 5m [16.4ft] and thereby improves over previous countrywide data sets by multiple orders of magnitude,"" it said.
It added, however, the task had not been without problems.
""While recognising structures in aerial imagery is a popular task in computer vision, scaling it to a global level came with additional difficulty.
""Aside from processing billions of images, finding buildings with high fidelity in rural areas is really a needle-in-a-haystack problem.
""Typically, more than 99% of the landmass we analyse does not contain any human-made structure, and it therefore poses a challenge for the machine learning algorithms to learn from such an unbalanced data set.""
Facebook intends to use the maps to inform its Internet.org initiative, which aims to connect more people to the internet.
The company is currently developing drones that would extend internet signals beyond cities via lasers beamed between the aircraft.
Although it will be several years before Facebook hopes to have the technology ready, the maps could allow it to work out where the drones would have the most impact.
In the meantime, others hope the data could prove useful for their own efforts.
The Red Cross already has a map initiative of its own, the Missing Maps Project, developed in conjunction with the Humanitarian OpenStreetMap Team and Medecins Sans Frontieres.
It said the extra information could help the organisations respond more effectively to people in need.
""There are many areas globally that still remain off the digital map,"" said British Red Cross maps expert Andrew Braye.
""These areas are also home to vulnerable communities at risk from natural disasters or conflict.
""Organisations that share open data are enabling the humanitarian sector to respond more rapidly.
""The information is then available to emergency responders and assists with decision-making.""
Follow all the BBC's MWC coverage via the Mobile World Congress 2016  tag in our news app.
You can also keep track of our technology correspondent Rory Cellan-Jones and the rest of the team covering the Barcelona event, via a dedicated Twitter list.",Facebook has announced it will make highly detailed maps of places where it believes people are living available to the public later this year.
82,"Lesbos used to get more than 5,000 a day. On Monday there were just four.
But with Europe's borders closed, more than 50,000 migrants remain in Greece waiting for a decision about their futures.
Angus Crawford visited three sites to find out how they are living.
Miracle is sleeping. He cannot tell me anything about the conditions in Moria camp.
He is unaware of the smell of raw sewage that hangs around the entrance gate.  He does not know about the fighting between migrants that insiders say breaks out on a regular basis.
Luckily on Tuesday the tear gas fired by police at young migrants throwing stones never reached him.
He does not have to stand in line for hours to get food.
Miracle is just 10 months old and is strapped to his mother's back.
She tells me her name is Blessing. She says she is Nigerian, a Christian from Kano, and that she left because of the Islamist militants, Boko Haram.
I have no way of independently checking her story.
But here she is in Moria, once a transit camp for migrants, now since the EU deal with Turkey, a detention centre, run by central government.
There are several thousand people inside even though it was never built to house so many.
It is another sign of how Greece was simply overwhelmed by the numbers who came, while itself in the middle of an economic crisis.
Most of those who arrived before March 20, the start of the EU-Turkey agreement, are free to come and go, but cannot leave the island.
Those who came after that date are locked in, waiting for a decision about their asylum claims.
Moria's chain link fence, topped with razor wire, snakes on its way up into olive groves.  It surrounds a collection of converted shipping containers, large white plastic shelters and small tents.
I meet one man who says simply, ""in here, I fear for my life"".
'A hellish Glastonbury'
Five minutes drive away, another camp. There is no razor wire, no police guarding the gate. The first thing I see is an electronic display board.
It reads ""the camp director wishes you a pleasant and safe stay"".
There are orderly lines of white UN refugee agency tents. Children run up and down the pathways between them.
This is run by the council, for migrants who arrived before the 20th, and for the vulnerable: families with children, pregnant women and the disabled.
They can leave the camp, but not Lesbos.
One aid worker tells me it is the best camp he has seen.
It sits on top of a hill, surrounded on three sides by the Aegean. In the distance lie the ruins of a castle.
The facilities may be better and site picturesque, but those who I meet inside tell me it is still in effect an open air waiting room.
Amiyah is 19 and from Damascus. The rest of her family are in Germany. But she cannot join them.
Abdul, who is 16, complains about the food and says everyone is getting sick.
Tareq tells me he had only â‚¬50 left after paying a smuggler, but yesterday even that was stolen.
The migrant crisis in seven charts
The Plaza is an eight storey hotel not far from the centre of Athens. It has three stars and more than 60 rooms.
There are more than 140 guests, but none of them have to pay to stay.
The hotel was a casualty of the economic crash, going bankrupt in 2010 and closing its doors.
But last Friday a group of activists and former workers unlawfully reopened the Plaza, with migrants as guests.
The reception is manned by volunteers 24 hours a day and the kitchen turns out food. There are more than 70 children staying here.
When we visit there is laughter and singing from the playroom on the first floor.
And in a rack by the entrance, yellowing maps of Athens still waiting for the tourists who never came.",There has been a dramatic reduction in the number of migrants arriving in Greece since an agreement between Turkey and the EU came into force.
83,"Hatfield Colliery closed in June with the loss of 430 jobs after almost a century of production.
The short ceremony took place at the mine, near Doncaster.
John Grogan, chairman of the Hatfield Employee Benefit Trust, which has run the mine since 2013, said it was ""the end of an era"".
He said: ""On Monday the company will be wound up in the High Court and that will represent the end of coal mining in South Yorkshire after many generations.
""In 1980 there were 50,000 miners in South Yorkshire. On Monday morning when we're in the High Court there will be none.
""We're presenting this piece of coal as a symbol of our respect for all the miners who have gone before us in South Yorkshire and helped build the economy of our country and keep the lights on for many decades.""
Accepting the gift the Mayor of Doncaster Ros Jones said: ""On behalf of Doncaster and South Yorkshire I'm humbled to accept this.""
The only remaining deep coal mine in England, Kellingley colliery in North Yorkshire, is due to close later this year.",The last lump of coal mined in South Yorkshire has been presented to Doncaster's mayor at a ceremony marking the end of mining in the region.
84,"The man, who is in his 50s, also sustained a suspected broken leg in the first attack on Castle Street at about 18:45 BST on Saturday.
Police said he was taken to hospital after a row on a garage forecourt.
A short time later, another man and a woman were assaulted in licensed premises on Castle Street.
Detectives have appealed for anyone who witnessed the attacks to contact police.","A man's eye socket has been broken and two other people have received minor injuries during two assaults in Ballycastle, County Antrim."
85,"The Nobel committee praised him for a peace deal signed with Farc rebels, but rejected by Colombians in a vote.
Mr Santos said he dedicated the award to ""all the victims of the conflict"", and the Farc leader congratulated him.
About 260,000 people have been killed and more than six million internally displaced in Colombia.
The award did not include Farc leader Rodrigo Londono, known as Timochenko, who also signed the accord.
The head of the Nobel commitee said the award recognised the president's ""resolute efforts"" to end the conflict.
""The award should also be seen as a tribute to the Colombian people who, despite great hardships and abuses, have not given up hope of a just peace, and to all the  parties who have contributed to the peace process,"" Kaci Kullman Five added.
Sources: BBC Monitoring, Colombian presidency
Mr Santos said on Twitter: ""This honourable distinction is not for me, it's for all the victims of the conflict. Together we'll win the most important award of them all: peace.""
The peace deal was rejected by 50.2% of voters who went to the polls on 2 October.
The committee acknowledged the result, saying: ""What the 'No' side rejected was not the desire for peace, but a specific peace agreement.""
It also said that finding a balance between the need for reconciliation and ensuring justice for the victims would be a difficult challenge.
Also on Twitter, Farc leader Timochenko said: ""I congratulate President Juan Manuel Santos, Cuba and Norway, who sponsored the process, and Venezuela and Chile, who assisted it, without them, peace would be impossible.""
Earlier, he had written: ""The only prize we aspire to is peace with social justice for Colombia, without (right-wing) paramilitary groups, without retaliation or lies. Peace in the streets.""
This was a Peace Prize for a peace deal that wasn't. President Santos joins a long line of Nobel Peace Prize winners who have been rewarded for effort as much as achievement.
But it is too easy to be cynical. The Nobel Peace Prize has often been controversial. In recent years a variety of international bureaucracies have won - the EU, the IAEA and the OPCW.
Why, some have argued, should people get a prize for simply doing their job? What, others ask, had US President Barack Obama actually done to merit the prize in 2009, other than be elected?
But the Nobel has often gone to extraordinary individuals who really have gone above and beyond to bring peace - in Northern Ireland and East Timor to name just two examples. Maybe the award to President Santos may yet galvanise public opinion in Colombia to think again about the deal.
Critics, led by former president Alvaro Uribe, said the deal was too lenient to the rebels.
Under the agreement, special courts would have been created to try crimes committed during the conflict.
Those who confessed would have received lighter sentences and avoided serving any time in conventional prisons.
The Farc would also have been guaranteed 10 seats in the Colombian Congress in the 2018 and 2022 elections.
Despite the rejection by voters, Mr Santos vowed to continue with talks with the rebels.
Government negotiators have already returned to the Cuban capital Havana for further discussions with Farc leaders.
Kaci Kullman Five, from the Nobel committee, said the award was also meant as ""encouragement"" to the rebels.
""Giving the prize to Santos is not a belittlement to any of the other parties.
""The Farc is obviously a very important part of this process.''
1964: Set up as armed wing of Communist Party
2002: At its height, it had an army of 20,000 fighters controlling up to a third of the country. Senator Ingrid Betancourt was kidnapped and held for six years along with 14 other hostages
2008: The Farc suffers a series of defeats in its worst year
2012: Start of peace talks in Havana
2016: Definitive ceasefire
Full timeline of Farc conflict
Mr Santos was selected from a list of 376 candidates - 228 were individuals and 148 were organisations. They included:
The main candidates for the 2016 Nobel Peace Prize
Why are Nobel laureates getting older?
Winners throughout the years",Colombian President Juan Manuel Santos has been awarded the Nobel Peace Prize for his efforts to end the 52-year conflict with left-wing rebels.
86,"The French manager has yet to say whether he will sign a new contract to stay beyond this season, but believes the spirit he has created in 20 years at the club can live on without him.
""It's more natural for local players because they have been educated in Arsenal - players like Ramsey, Chamberlain,"" Wenger said.
""They have to take charge.""
He added: ""They should lead and take responsibility to say 'yes, that is how we want to behave, this is how we want to play, let's go together'.
""If they didn't want it, that would be a huge disappointment.""
Sunday's FA Cup semi-final against Manchester City (kick-off 15:00 BST), which could be Wenger's last trip to Wembley Stadium, is also his 11th semi-final as Arsenal manager. It is the Gunners' last chance of a trophy this season.
Wenger could field as many as five British players - Aaron Ramsey, Alex Oxlade-Chamberlain, Theo Walcott, Kieran Gibbs and Rob Holding - but he says a player's nationality is less important to him than ""players who integrate the values of the club"" and are ""ready to defend these values"".
""A lot is said about my future but my future is more important in the value and spirit of what we have built in 20 years than my own person,"" added the 67-year-old Frenchman.
In the opposite dugout, Manchester City boss Pep Guardiola has happy memories of Wembley as both a player and a manager with Barcelona.
The Spaniard was a member of the Barca side who won the European Cup at the ground in 1992 and he was manager when the side beat Manchester United 3-1 in the Champions League final in 2011.
Guardiola said: ""Wembley in my life has been so important in terms of football. We were able to win the first Champions League when Ronald Koeman made a fantastic goal against the Sampdoria of Roberto Mancini.
""The second one, we beat one of the best teams in the world in Manchester United at Wembley and, especially the way we played, always I will remember in my heart.
""Wembley is an important part of my life. Going back there will always be special.""",Arsene Wenger has challenged Arsenal's British players to take responsibility for the club's future.
87,"Discovered on land at North Elmham, near Dereham, the circa 600 AD coin was created by French rulers of the time to increase their available currency.
Adrian Marsden, finds officer based at Norwich Castle Museum, said the object was probably buried with its owner.
The pendant was declared treasure by the Norfolk coroner on Wednesday.
Mr Marsden added: ""This is an early copy of a Byzantine gold coin made in France.
""The Merovingians [French rulers] created copies of Byzantine coins from their bullion as there wasn't enough coinage coming in from the eastern Roman empire. How many of these copies were 'official' currency is hard to say.""
The 23.5mm diameter pendant, created from an imitation of a gold solidus of emperor Maurice Tiberius (582-602 AD), features a suspension loop with three longitudinal ribs having been soldered to the edge of the coin immediately above the emperor's head.
""What's interesting is you have somebody in France copying a Byzantine coin which then also followed the trend of turning it into jewellery.""
Mr Marsden said the coin was likely to have come to England as a result of export trade at the time.
""We see very few of these so it's an interesting find and one that we will hope to acquire for the Norwich Castle Museum collection.""
Other items declared treasure at the coroner's inquest include an early-medieval Carolingian-style silver mount found in Barnham Broom, a hoard of 150 Roman coins discovered in Quidenham and an early-medieval biconical gold bead which would have been worn on high-status necklaces.","An early-medieval gold pendant created from an imitation of a Byzantine coin that was found in a Norfolk field is a ""rare find"", a museum expert has said."
88,"House Speaker Paul Ryan said he and Mr Trump agreed to pull the vote, after it became apparent it would not get the minimum of 215 Republican votes needed.
The last minute move was seen as a huge blow to Mr Trump.
Repealing and replacing the programme known as Obamacare was one of his major election pledges.
Earlier on Friday, White House press secretary Sean Spicer said that the vote would go ahead at 15:30 (19:30 GMT).
Mr Trump had reportedly warned Republicans that if they did not vote for his bill then they would be stuck with Barack Obama's healthcare programme for good.
However, multiple reports suggested that between 28 and 35 Republicans were opposed to his draft American Health Care Act.
The vote was withdrawn shortly after 15:30, and the House is now in recess.
Republicans currently have a majority in both the House and the Senate.
However, some Republicans were unhappy that the bill cut health coverage too severely, while others felt the changes did not go far enough.
The bill also appeared unpopular with the public - in one recent poll, just 17% approved of it.
Speaking after the withdrawal, Mr Trump blamed the Democrats for not supporting the bill and predicted that Obamacare would ""explode"".
He said the Republicans would probably focus on tax reform for now.
""We have to let Obamacare go its own way for a little while,"" he said, adding that if the Democrats were ""civilised and came together"" the two parties could work out a ""great healthcare bill"".
How bad was Friday's defeat of the American Health Care Act in the House of Representatives? Bad. Very bad.
The American Health Care Act was the first major piece of legislation pushed by the White House and the Republican-controlled Congress, a key political test early in the president's term, when he should be at the height of his power and party cohesion at its strongest.
In spite of all of this, Mr Trump, House Speaker Paul Ryan and the Republicans running Washington could not get the job done.
For Republicans Friday wasn't just bad. It was a disaster.
Read more analysis here.
Earlier, Mr Ryan told reporters: ""We are going to be living with Obamacare for the foreseeable future.
""I will not sugar coat this. This is a disappointing day for us. Doing big things is hard.""
""We were a 10-year opposition party where being against things was easy to do,"" he said, adding that it was difficult to get ""people to agree with each other in how we do things"".
Meanwhile, Democrat and House minority leader Nancy Pelosi described it as ""a victory for the American people"".
And House Minority Whip Steny Hoyer said it was a ""good day"" for Americans, adding ""we worked over years to assure that the American public would have access to affordable, quality healthcare"".",US President Donald Trump has withdrawn his healthcare bill after it failed to gain enough support to pass in Congress.
89,"The 34-year-old - nicknamed 'The Beast' and recognised for his immense physical strength on the Fifa series of video games - joined Wycombe on Sunday.
But during the first game of their pre-season trip to France, he saw red for a scuffle after an opponent shoved Wycombe's Luke O'Nien to the ground.
Striker Akinfenwa later said on Twitter: ""The sending off was dubious.""
However, he continued: ""I should have known better but guess every day is a learning day.""
The Le Havre player also saw red for the incident, but both sides continued to play 11 v 11 on the request of both managers.",Adebayo Akinfenwa was sent off on his Wycombe Wanderers debut in a pre-season friendly against Le Havre on Tuesday.
90,"One Met Police officer received an overtime payment of £45,000 last year, a Freedom of Information request found.
The overtime bill for officers and staff in England and Wales totalled almost £1bn over three years and went up by £6m last year.
The Home Office said the government had ""already taken steps to reduce unnecessary overtime payments"".
""We have asked the independent Police Remuneration Review Body to consider whether more can be done on this issue,"" said a spokesman.
""Police officers' pay should reflect the difficult work they do - but the public rightly expects that this is not abused.""
The National Police Chiefs' Council said it was ""only right"" that officers should be compensated for overtime.
By Danny Shaw, BBC home affairs correspondent
""Overtime does not go sick or take leave.""
That pithy phrase, from Tim Godwin, the former Metropolitan Police Deputy Commissioner, sums up the usefulness of overtime to a service that has to cope with sudden and unexpected events.
Whether it's the surveillance officer monitoring a terrorism suspect, the detective constable deployed on a murder investigation, or the civilian staff employee answering calls after hours because a colleague has gone home ill - overtime has a valuable part to play.
Sir Tom Winsor's review recognised that, while also recommending changes designed to reduce the overall bill.
The year-on-year increase, identified by 5 live's research, does not mean that work has stalled.
But it's interesting to note that some overtime payments appear to be connected to staff shortages.
As the police workforce shrinks further, it may well be that existing officers and staff are increasingly asked to plug the gaps.
Figures for 39 forces in England and Wales show the overtime bill rose from £307.1m in 2013/14 to £313.2m in 2014/15.
The Metropolitan Police accounted for about a third of the overall bill, while in two other forces, Bedfordshire and Cleveland, the overtime bill went up by 50% - explained in part by gaps in recruitment.
The Met said officers earning the highest amounts were in specialist roles, where working time was determined by the operational circumstances.
An officer at West Midlands Police earned £32,702 in overtime working in a contact centre.
Inspector Tony Morris from that force said ""recruitment in this business area has been on hold"" due to a reorganisation.
""This means the department has been carrying a significant number of vacancies, resulting in an increased need for planned overtime.""
Sergeants and constables are eligible to claim overtime for working extra days, for staying on at the end of a shift, or for being recalled between shifts.
On four days each week, officers are expected to give the first 30 minutes of unplanned overtime for free, traditionally referred to as ""half an hour for the Queen"".
Three years ago, Sir Tom Winsor's review of policing in England and Wales called for ""cultural change"" to reduce the cost of overtime.
He suggested that in future, the police pay review body may consider a ""buy out"" for sergeants which would see them give up overtime pay in return for an increased salary.
Overtime for inspectors was ""bought out"" in 1994.
South Wales Police reported the biggest percentage increase for overtime spending in the last year, from £5.2m in 2013/14 to £8.4m in 2014/15.
The force said the majority of that increase was due to the Nato summit in September 2014, which involved 9,500 officers from across the UK, including 1,500 from South Wales.
But in Scotland and Northern Ireland the figures were down on the previous year.
Police Scotland spent £18.2m on overtime in 2014/15, a reduction of £6m on the previous year.
The Police Service of Northern Ireland also spent less, down by £11.5m from £59.2m in 2013/14 to £47.7m in 2014/15.
A spokesman for the Metropolitan Police said: ""Overtime is called upon when it is essential to maintain operational effectiveness and, in the context of capital city policing and national responsibilities, there are times when there is a genuine need to call on officers to work beyond their scheduled hours to police unforeseen events, to provide security, or public reassurance.""
The force said the London Olympic and Paralympic Games had a particular impact on its overtime bill for 2012/13 - when forces in England and Wales spent a total of £354.9m.
Chief Constable Francis Habgood from the National Police Chiefs' Council said: ""Overtime is a very flexible - and can be a very cost-effective - way of managing unexpected demand and it is only right that officers whose lives are disrupted by a last-minute order to work an extended tour of duty or work on a rest day are compensated for that disruption.
""With the current cuts regime, we are doing all we can to ensure that the police service offers the best value for taxpayers' money and all forces have reduced overtime spend in recent years.""","Some UK police forces are using overtime to cover gaps caused by staff shortages, BBC Radio 5 live has found."
91,"Shillington, who made 90 appearances in the 50-over format, will continue to play Twenty20 internationals.
The 36-year-old scored 1,276 runs, including six half-centuries, in an ODI career which began in August 1997.
Ireland, already out of contention for a World Cup place, lost by 36 runs in a rain-affected contest in Colombo.
The Irish were bowled out for 166 with a ball of their 50 overs to spare, with Malahide keeper Mary Waldron top-scoring with an unbeaten 33.
Isobel Joyce (30), Cecelia Joyce (29) and Gaby Lewis (21) were unable to push on against a South Africa side who had already made sure of qualification, as Lizelle Lee, Sune Luus and Dane van Niekerk all took two wickets.
Kim Garth trapped Lee lbw early on in South Africa's reply, but Laura Wolvaardt (32 not out) and Mignon du Preez (29 not out) took them to 82-1 when rain and thunder at the Colombo Cricket Club curtailed the game with the batting side well ahead on the Duckworth-Lewis-Stern system.
Shillington, whose ODI career began as a 16-year-old, said: ""It feels like it's the right time to move away from the longer format due to the increased programme and upcoming tour commitments.
""But I am excited to stay involved in the T20 format with a qualifier and World T20 coming around in 2018.""
In 2013, she became the first Irish woman to score a Twenty20 hundred in a 117-run victory over Japan, hammering an unbeaten 114 from 72 balls in Dublin, although that match was not classed as a ""full"" T20 international as Japan do not have T20 international status.
This content will not work on your device, please check Javascript and cookies are enabled or update your browser",Clare Shillington announced her retirement from one-day internationals after Ireland lost to South Africa in their final World Cup Qualifier game.
92,"It effectively completes the four-year-old software's transformation from a ""lightweight"" chat app, spun off from the main Facebook site, into a fully-fledged ""platform"" of its own.
More than 40 new add-on apps have already been developed so far.
But one expert said there was a risk Messenger would become bloated.
Messenger has already proved controversial with some users of the social network, who have complained about having to switch between two apps to stay in touch with their Facebook friends.
Facebook's founder Mark Zuckerberg announced the move at his firm's F8 developers conference in San Francisco.
He said more than 600 million people already used Messenger at least once a month to express themselves, and that allowing other social networks and services to directly post to it would make ""conversations better"".
Among the new apps unveiled are ways to post:
It builds on a move to allow US-based users to send money to and from each other via Messenger, which Facebook announced last week, and the earlier inclusion of Voip (voice over internet protocol) calls and stickers.
Mr Zuckerberg also revealed plans to launch an associated service called Businesses on Messenger.
Using the app instead of email, the public will be able to hold conversations with companies from which they buy goods, or have other interactions with.
Facebook suggested this could include receiving delivery status updates, organising the return of an order and asking follow-up questions.
The company is far from the first to attempt to turn a messaging app into a wider platform.
China's WeChat service has gone even further by allowing its users to book taxis, pick cinema seats and find nearby restaurants among other actions.
But one expert suggested Facebook should be cautious about the rate at which it adds further facilities to Messenger.
""There's a potential risk that they are going to overload Messenger with too many functions and none of them become that important - it really depends on how extensive they get with the features that they add over time,"" said Brian Blau from the Gartner tech consultancy.
""We have seen something like that happen with Facebook's Timeline, where you have all these different people competing for your attention.
""So, Facebook won't want to over-bloat, but it could enable all kinds of interesting scenarios where you can integrate messaging with other apps and services.""
Right now many of the Messenger apps look fun, if a bit gimmicky.
But over time these new interactions will give Facebook another source of rich information about a user's interests - and thereby the potential to attract more ad revenue.
Facebook would have taken inspiration from companies like China's WeChat and Japan's Line, which have proven successful in building both content and business services atop their core messenger offerings.
But Messenger for Business is an ambitious plan.
It is asking users to supplant more tried-and-tested means like email.
Other communications behemoths like Skype tried - unsuccessfully - to become places to reinvent communications between businesses and their customers.
Will users be happy to shift their business interactions over to Facebook - a platform where, until now, they have been used to dealing primarily with friends?
Other announcements made at F8 included:","Facebook has confirmed that it is opening up its Messenger service to third-party developers, allowing them to add functions of their own."
93,"Forster, who rejoined the club in July after 22 games on dual registration at Haven earlier in his career, replaces sacked James Coyle.
He began his career at Saints, winning the academy Grand Final there, but was limited to five senior appearances.
""This appointment will lift everybody,"" general manager Amanda Hewer said.
The ex-Salford forward takes charge after a season which saw Haven relegated from the Championship, despite winning three of the final five games in the Super 8s.
Subscribe to the BBC Sport newsletter to get our pick of news, features and video sent to your inbox.","Whitehaven have appointed former St Helens prop Carl Forster as player-coach at the age of 24, the youngest in the professional game."
94,"Andrew Salina was found seriously injured at his home in Roystonhill at about 03:30 after emergency services were alerted to a disturbance.
He was subsequently pronounced dead at the scene by paramedics.
DCI Paul Livingstone said it appeared a weapon had been used in the ""violent incident"" and appealed for information about three men seen in the area.
Detectives from Police Scotland's major investigation team are treating the death as a murder. Officers were conducting door-to-door inquiries, with specialist forensic teams at the scene and additional patrols in the area.
Mr Livingstone said: ""I am asking for the assistance of the local community to come forward with any information you may have. It is possible you witnessed or heard a disturbance in Roystonhill at the junction with Millburn Street at around 03:30 hours.
""We also understand that three men were seen entering the area in a small light coloured car and were seen leaving the area in the same vehicle following the alleged incident.
""I want to reassure the local community that we are doing everything we can to find out what took place and determine who is responsible for the death of Andrew Salina. Additional officers are patrolling Royston and I would ask anyone with any information or concerns to speak with them today.""",Police have launched a murder inquiry after a 51-year-old man was killed in his home in Glasgow.
95,"Ibrahim Halawa, the son of the most senior Muslim cleric in the Republic of Ireland, was arrested during a siege on the Al-Fath mosque in Cairo in 2013.
The mass trial of Mr Halawa and 493 others began in March after being postponed five times since his arrest.
Mr Halawa, 19, could face the death penalty if he is convicted.
Mr Halawa was on a family holiday to his parents' homeland when he and three of his sisters were arrested by Egyptian security forces during a crackdown on protests in the country's capital.
He was 17 at the time.
His family said he had taken refuge in the building during violent clashes between supporters of ousted president Mohammed Morsi and the security forces.
His sisters were allowed to return to Dublin in November 2013.
On Wednesday, a hearing in his case took place, with Irish officials in attendance.
But it could not proceed as 16 defendants were not present in court, according to the Irish Department of Foreign Affairs.
Defence lawyers requested that the trial would not proceed during the forthcoming Ramadan period and the judge agreed to adjourn the matter until 2 August, the department added.
Amnesty International Ireland said Mr Halawa should be released immediately with all charges against him dropped.
Colm O'Gorman, the human rights organisation's executive director in Ireland, said the situation was ""utterly unacceptable"".
""No one should have to withstand the continual raising of hope that they might have their day in court, only to have that hope continually dashed,"" he said.
""This young man should be at home in Ireland, continuing his studies and getting on with his life.""
He added: ""I urge the Irish government and their EU partners to continue to work on Ibrahim's case as an absolute priority.""",The trial of a Dublin teenager held in an Egyptian prison for almost two years has been adjourned for a third time.
96,"The government investigation said the bodies were burned at a rubbish dump hours after the students went missing.
But the Inter-American Commission on Human Rights says it has found no evidence to support claims that the bodies were incinerated.
The Mexican government is sending forensic experts to the area.
The move was announced by Attorney General Arely Gomez Shortly after the IACHR report was published.
Relatives have always rejected the official investigation.
They accused the authorities of covering up the alleged involvement of high-ranking officials and possibly the army in the killings.
The case shocked Mexico and led to weeks of protests against official impunity and the government of President Enrique Pena Nieto.
Analysis: By Katy Watson, BBC News, Mexico City
This report confirms what many people have believed for a long time - that the government's investigation into the disappearance of the 43 students was deeply flawed.
The families of the missing disagreed from the start with the government's version of events - now they've been vindicated.
There is a lot that is still unknown - the report doesn't explain what happened to the students and only suggests possible motives.
But what is clear is that the government needs to step up its efforts to get to the bottom of what actually happened.  President Enrique Pena Nieto has been hugely criticised for his handling of this case - this report will heap yet more pressure on him.
After a six-month investigation, the Washington-based IACHR released a report of nearly 500 pages urging the government to continue looking for the missing students.
A Peruvian fire expert hired by the commission concluded that it was impossible for all the bodies to have been burned at the landfill site in the municipality of Cocula, in the western state of Guerrero.
Jose Torero, from the University of Queensland in Australia, said it would have required 13 tonnes of tyres, 20 tonnes of wood and 13 tonnes of diesel to cremate the bodies.
It would have taken the gang 60 hours to finish the job, he said.
""There is no evidence indicating the presence of a fire of the size [needed] for the cremation of even one body,"" Mr Torero concluded.
The original probe said the trainee teachers were rounded up by corrupt policemen after travelling to the city of Iguala on 26 September and taking part in a protest over job discrimination.
They are reported to have disrupted a rally planned by the mayor's wife later in the evening.
They were then allegedly handed over to the local Guerreros Unidos (United Warriors) criminal gang, which was told to kill them and dispose of their bodies.
Several people were arrested in the following days, including the mayor, his wife, local policemen and men accused of belonging to the local gang.
The government said some of the people who took part in the killings led them to the landfill site.
According to the original inquiry, forensic experts managed to retrieve there a fragment of a bone, which was identified as that of one of the missing students after DNA tests in Austria.",An independent investigation into the disappearance of 43 Mexican students nearly a year ago has rejected the government's account of events.
97,"The pair stood accused of committing manslaughter and sexual violence against the exchange student. They were convicted in 2009, but acquitted two years later.
The acquittal was overturned and a subsequent appeal ruling in January 2014 saw Mr Sollecito again found guilty and sentenced to 25 years in jail.
But in March 2015, Italy's highest court overturned that decision - the final ruling.
Last year, the police found Mr Sollecito near the Italian border and confiscated his passport. He remained free while awaiting the Supreme Court's decision.
Amanda Knox, residing in the US, also had her conviction overturned. She had been sentenced to 28 years and six months.
From the start of the highly publicised case, Ms Knox - who lived with Ms Kercher - became the primary focus of media attention, leaving Mr Sollecito a somewhat shadowy figure in the background.
""Even though Amanda and I shared the same unjust fate, the case was always about her,"" the Italian wrote in his 2012 memoir Honor Bound: My Journey to Hell and Back with Amanda Knox.
""I vanished so far from public view that I thought of myself… as Mr Nobody.""
The book was released after the former couple's acquittal and thrust Sollecito into the limelight for the first time.
In it, he describes how he refused to cave in to pressure from his family to testify against his then girlfriend. He said his main aim had been to ""save"" Amanda from finishing her days in prison.
""If I had changed my testimony, Amanda would have remained behind bars for the rest of her life, not just the 26 years to which she was originally sentenced. And that was something my conscience could never permit.""
The son of a successful urologist, Raffaele Sollecito was born on 26 March 1984 in the southern Italian city of Giovinazzo.
He was on the verge of completing a computer science degree at Perugia University when he met Amanda Knox, an exchange student from Seattle, at a classical music concert in October 2007. Their encounter took place just days before Ms Kercher's death.
""It was a really nice relationship,"" he said in an interview.
""In that period she was much more at my apartment than in her one. It was an intense story, it was the start. It was crazy.""
It was the same flat - bought for Mr Sollecito by his parents - where Ms Knox claimed she spent the night when Ms Kercher was murdered. This contradicted reports of her initial police statement, which originally placed her at the scene of the crime.
Mr Sollecito's defence was that on the night of the murder he was at home surfing the internet - although police said his computer records did not support the alibi.
He has also admitted smoking marijuana at the time. Both Mr Sollecito and Ms Knox admitted a fondness for the drug - which they blamed for their inability to recall their movements on the night Ms Kercher died.
In a letter to an Italian magazine he wrote: ""One morning you return to her house and find a big mess. The problems begin: the police arrive, break down the locked door to a bedroom and discover the lifeless body of one of her (Amanda's) friends. From then on they suspect everyone and everything.""
The pair's defence was not helped by CCTV evidence leaked to the Italian press, reportedly showing them buying erotic lingerie and discussing ""wild sex"" barely 24 hours after Ms Kercher's death.
Mr Sollecito's DNA was found on Ms Kercher's bra clasp.
In the end, the jury sided with the prosecution and found them both guilty. Mr Sollecito's impassive face provided a stark contrast to Ms Knox who broke down in tears in the courtroom.
Sent to separate prisons, Mr Sollecito later said of Ms Knox that her image continued to conjure up ""the image of a nightmare"".
In letters from his cell, he wrote: ""The Amanda I know... lives a carefree life. Her only thought is the pursuit of pleasure.""
""But,"" he added, ""even the thought that she could be a killer is impossible for me.""
The pair spent four years in jail before their conviction was overturned in October 2011 on the grounds that DNA evidence was flawed.
Appearing on US talk shows, Mr Sollecito revealed that he still shared ""a really strong bond"" with Ms Knox, whom he had visited in Seattle a few months after their release.
""After she hugged me, I realised that Amanda is the Amanda that I dated for that week. She's not the Amanda that was the ghost Amanda during those four years,"" he said in an interview with ABC.
When asked if they were still dating, he replied: ""No, no - she's with another boyfriend and I am going on with my life. We are really good friends now but no, no there is nothing between us now.""
In July last year he distanced his legal case from hers saying that Ms Knox was not present in his house at the time of Ms Kercher's murder as she has claimed.
The BBC's Ruth Alexander met Mr Sollecito in Perugia in August last year and said although he sounded exasperated at times over the accusations made against him, he only rebuffed questions about Amanda Knox.
""I really don't want to make any comment or be a defence team for her,"" he said.",Raffaele Sollecito was 23 and about to finish his degree when he was arrested along with then-girlfriend Amanda Knox for the 2007 murder of British student Meredith Kercher in Italy.
98,"SNP leader Nicola Sturgeon said voters had ""48 hours to get the Tories out"".
Former Labour leader Gordon Brown, who was campaigning with Scottish Labour leader Jim Murphy, said the SNP stood for ""divide and rule"".
The Lib Dems said voters should stick with them and the Scottish Tories said a vote for them was a vote for the UK.
During a visit to a nursery in Livingston, West Lothian, Ms Sturgeon criticised Prime Minister David Cameron who had warned the public they risked ""five long years"" of a minority Labour government reliant on ""bribes"" to smaller parties like the SNP.
She hit back saying: ""[There are] 48 hours to get the Tories out, to get an alternative to austerity and to make Scotland's voice heard.
""The fact of the matter is, if there's an anti-Tory majority on Friday morning, I want to see that anti-Tory majority come together to get the Tories out, but then make sure that it's replaced with something better.
Ms Sturgeon added: ""The SNP will be a positive, constructive and progressive force in the House of Commons but will stand up very firmly for the things we believe really matter.""
In Glasgow, Mr Brown urged voters to reject the SNP and join what he called Labour's fight to reach the ""the mountaintop of social justice"".
And he warned that the election was ""not just about the future of the UK but about the very existence of the UK"".
In an impassioned address, he said: ""While the SNP will talk only about deals and pacts and coalitions and bargains and hung parliaments, we will talk day after day, hour after hour, in this late stage of the campaign about only one thing - to end poverty, to end unemployment, to end injustice.
""Within days and hours of getting into government, Jim Murphy could be providing money for our foodbanks and we could be ending foodbank poverty. Delivered under a Labour government, with Labour MPs - undeliverable under a Conservative government, even with 59 SNP MPs.
""And within weeks, we could be providing the resources that the health service needs: 500 doctors, 1,000 more nurses - deliverable under a Labour government with Labour MPs - undeliverable under a Conservative government with 59 SNP MPs.""
Scottish Liberal Democrat leader Willie Rennie said he wanted his party to continue to have influence on government at Westminster.
He said: ""Liberal Democrats have been at the heart of government over the last five years with 11 members of parliament in Scotland - many at the cabinet table giving a really powerful voice.
""Danny Alexander, right at the heart of the government, making it tick - delivering tax cuts, pension rise childcare expansion.
""I want that to continue, because Liberal Democrats can hold others back when they travel too fast.""
While on a visit to Aviemore, Scottish Conservative leader Ruth Davidson discussed the possible deals that could be done between parties after polls close and votes are counted.
She said: ""We have said from the very start that each and every MP elected across all parts of these islands has the same rights and voting as everybody else. But it is up to individual political parties who they do a deal with.
""The Scottish Conservatives will not do deals with any nationalist parties in Scotland, Wales or Northern Ireland who want to break up our United Kingdom.
""Each vote for the Scottish Conservatives is a vote to keep the UK intact.""","With just two days until the polling stations open, all the Scottish party leaders are warning of the risks of backing their opponents."
99,"Amy Simpson, 18, died when her car left the road near the village of Dalavich, on the banks of Loch Awe, on Tuesday.
Miss Simpson, from Cowdenbeath in Fife, was with four other women passengers who escaped without serious injury.
Her mother Angela Simpson said her ""gorgeous girl Amy"" was ""my best friend, my soulmate and my rock"".
She said: ""She made me so proud.  One day I will make her as proud of me as I was of her.
""I am absolutely heartbroken and it's hard to find the words at this distressing time to express just how much I will miss her.
""Rest in peace Toots.""
Miss Simpson's black Peugeot left the road at about 18:40 on Tuesday and the car ended up in the River Avich.","The mother of a teenager who died when the car she was driving plunged into a river in Argyll has described her as the ""perfect daughter""."
